title,genre,duration,rating,year,certification,url
The Shawshank Redemption,Drama,142,9.3,1994,R,https://www.imdb.com//title/tt0111161/
The Godfather,"Crime, Drama",175,9.2,1972,R,https://www.imdb.com//title/tt0068646/
The Dark Knight,"Action, Crime, Drama",152,9.0,2008,PG-13,https://www.imdb.com//title/tt0468569/
The Lord of the Rings: The Return of the King,"Action, Adventure, Drama",201,9.0,2003,PG-13,https://www.imdb.com//title/tt0167260/
Schindler's List,"Biography, Drama, History",195,9.0,1993,R,https://www.imdb.com//title/tt0108052/
The Godfather Part II,"Crime, Drama",202,9.0,1974,R,https://www.imdb.com//title/tt0071562/
12 Angry Men,"Crime, Drama",96 ,9.0,1957,Approved,https://www.imdb.com//title/tt0050083/
777 Charlie,"Adventure, Comedy, Drama",164,8.9,2022,NA,https://www.imdb.com//title/tt7466810/
Pulp Fiction,"Crime, Drama",154,8.9,1994,R,https://www.imdb.com//title/tt0110912/
Rocketry: The Nambi Effect,"Biography, Drama",157,8.8,2022,NA,https://www.imdb.com//title/tt9263550/
Jai Bhim,"Crime, Drama, Mystery",164,8.8,2021,TV-MA,https://www.imdb.com//title/tt15097216/
Inception,"Action, Adventure, Sci-Fi",148,8.8,2010,PG-13,https://www.imdb.com//title/tt1375666/
The Lord of the Rings: The Two Towers,"Action, Adventure, Drama",179,8.8,2002,PG-13,https://www.imdb.com//title/tt0167261/
Fight Club,Drama,139,8.8,1999,R,https://www.imdb.com//title/tt0137523/
The Lord of the Rings: The Fellowship of the Ring,"Action, Adventure, Drama",178,8.8,2001,PG-13,https://www.imdb.com//title/tt0120737/
Forrest Gump,"Drama, Romance",142,8.8,1994,PG-13,https://www.imdb.com//title/tt0109830/
"The Good, the Bad and the Ugly","Adventure, Western",178,8.8,1966,R,https://www.imdb.com//title/tt0060196/
Soorarai Pottru,Drama,153,8.7,2020,TV-MA,https://www.imdb.com//title/tt10189514/
The Matrix,"Action, Sci-Fi",136,8.7,1999,R,https://www.imdb.com//title/tt0133093/
Goodfellas,"Biography, Crime, Drama",145,8.7,1990,R,https://www.imdb.com//title/tt0099685/
Star Wars: Episode V - The Empire Strikes Back,"Action, Adventure, Fantasy",124,8.7,1980,PG,https://www.imdb.com//title/tt0080684/
One Flew Over the Cuckoo's Nest,Drama,133,8.7,1975,R,https://www.imdb.com//title/tt0073486/
Sita Ramam,"Action, Drama, Mystery",163,8.6,2022,NA,https://www.imdb.com//title/tt20850406/
Interstellar,"Adventure, Drama, Sci-Fi",169,8.6,2014,PG-13,https://www.imdb.com//title/tt0816692/
City of God,"Crime, Drama",130,8.6,2002,R,https://www.imdb.com//title/tt0317248/
Spirited Away,"Animation, Adventure, Family",125,8.6,2001,PG,https://www.imdb.com//title/tt0245429/
Saving Private Ryan,"Drama, War",169,8.6,1998,R,https://www.imdb.com//title/tt0120815/
The Green Mile,"Crime, Drama, Fantasy",189,8.6,1999,R,https://www.imdb.com//title/tt0120689/
Life Is Beautiful,"Comedy, Drama, Romance",116,8.6,1997,PG-13,https://www.imdb.com//title/tt0118799/
Se7en,"Crime, Drama, Mystery",127,8.6,1995,R,https://www.imdb.com//title/tt0114369/
Terminator 2: Judgment Day,"Action, Sci-Fi",137,8.6,1991,R,https://www.imdb.com//title/tt0103064/
The Silence of the Lambs,"Crime, Drama, Thriller",118,8.6,1991,R,https://www.imdb.com//title/tt0102926/
Star Wars,"Action, Adventure, Fantasy",121,8.6,1977,PG,https://www.imdb.com//title/tt0076759/
Harakiri,"Action, Drama, Mystery",133,8.6,1962,Not Rated,https://www.imdb.com//title/tt0056058/
Seven Samurai,"Action, Drama",207,8.6,1954,Not Rated,https://www.imdb.com//title/tt0047478/
It's a Wonderful Life,"Drama, Family, Fantasy",130,8.6,1946,PG,https://www.imdb.com//title/tt0038650/
Kaithi,"Action, Adventure, Crime",145,8.5,2019,Not Rated,https://www.imdb.com//title/tt9900782/
96,"Drama, Romance",158,8.5,II) ,Not Rated,https://www.imdb.com//title/tt7019842/
Parasite,"Drama, Thriller",132,8.5,2019,R,https://www.imdb.com//title/tt6751668/
Whiplash,"Drama, Music",106,8.5,2014,R,https://www.imdb.com//title/tt2582802/
The Intouchables,"Biography, Comedy, Drama",112,8.5,2011,R,https://www.imdb.com//title/tt1675434/
Kantara,"Action, Adventure, Drama",148,8.5,2022,NA,https://www.imdb.com//title/tt15327088/
The Prestige,"Drama, Mystery, Sci-Fi",130,8.5,2006,PG-13,https://www.imdb.com//title/tt0482571/
The Departed,"Crime, Drama, Thriller",151,8.5,2006,R,https://www.imdb.com//title/tt0407887/
The Pianist,"Biography, Drama, Music",150,8.5,2002,R,https://www.imdb.com//title/tt0253474/
Gladiator,"Action, Adventure, Drama",155,8.5,2000,R,https://www.imdb.com//title/tt0172495/
American History X,"Crime, Drama",119,8.5,1998,R,https://www.imdb.com//title/tt0120586/
The Usual Suspects,"Crime, Drama, Mystery",106,8.5,1995,R,https://www.imdb.com//title/tt0114814/
Léon: The Professional,"Action, Crime, Drama",110,8.5,1994,R,https://www.imdb.com//title/tt0110413/
The Lion King,"Animation, Adventure, Drama",88 ,8.5,1994,G,https://www.imdb.com//title/tt0110357/
Cinema Paradiso,"Drama, Romance",155,8.5,1988,R,https://www.imdb.com//title/tt0095765/
Grave of the Fireflies,"Animation, Drama, War",89 ,8.5,1988,Not Rated,https://www.imdb.com//title/tt0095327/
Back to the Future,"Adventure, Comedy, Sci-Fi",116,8.5,1985,PG,https://www.imdb.com//title/tt0088763/
Apocalypse Now,"Drama, Mystery, War",147,8.5,1979,R,https://www.imdb.com//title/tt0078788/
Alien,"Horror, Sci-Fi",117,8.5,1979,R,https://www.imdb.com//title/tt0078748/
Once Upon a Time in the West,Western,165,8.5,1968,PG-13,https://www.imdb.com//title/tt0064116/
Psycho,"Horror, Mystery, Thriller",109,8.5,1960,R,https://www.imdb.com//title/tt0054215/
Rear Window,"Mystery, Thriller",112,8.5,1954,PG,https://www.imdb.com//title/tt0047396/
Casablanca,"Drama, Romance, War",102,8.5,1942,PG,https://www.imdb.com//title/tt0034583/
Modern Times,"Comedy, Drama, Romance",87 ,8.5,1936,G,https://www.imdb.com//title/tt0027977/
City Lights,"Comedy, Drama, Romance",87 ,8.5,1931,G,https://www.imdb.com//title/tt0021749/
Asuran,"Action, Drama",141,8.4,2019,Not Rated,https://www.imdb.com//title/tt9477520/
Vikram,"Action, Crime, Thriller",175,8.4,2022,NA,https://www.imdb.com//title/tt9179430/
Hamilton,"Biography, Drama, History",160,8.4,2020,PG-13,https://www.imdb.com//title/tt8503618/
Capernaum,Drama,126,8.4,2018,R,https://www.imdb.com//title/tt8267604/
Joker,"Crime, Drama, Thriller",122,8.4,I) (,R,https://www.imdb.com//title/tt7286456/
Your Name.,"Animation, Drama, Fantasy",106,8.4,2016,PG,https://www.imdb.com//title/tt5311514/
Spider-Man: Into the Spider-Verse,"Animation, Action, Adventure",117,8.4,2018,PG,https://www.imdb.com//title/tt4633694/
Avengers: Endgame,"Action, Adventure, Drama",181,8.4,2019,PG-13,https://www.imdb.com//title/tt4154796/
Avengers: Infinity War,"Action, Adventure, Sci-Fi",149,8.4,2018,PG-13,https://www.imdb.com//title/tt4154756/
Coco,"Animation, Adventure, Comedy",105,8.4,I) (,PG,https://www.imdb.com//title/tt2380307/
Django Unchained,"Drama, Western",165,8.4,2012,R,https://www.imdb.com//title/tt1853728/
Top Gun: Maverick,"Action, Drama",130,8.4,2022,PG-13,https://www.imdb.com//title/tt1745960/
The Dark Knight Rises,"Action, Drama",164,8.4,2012,PG-13,https://www.imdb.com//title/tt1345836/
Drishyam 2,"Crime, Drama, Thriller",152,8.4,2021,NA,https://www.imdb.com//title/tt12361178/
3 Idiots,"Comedy, Drama",170,8.4,2009,PG-13,https://www.imdb.com//title/tt1187043/
Shershaah,"Action, Biography, Drama",135,8.4,2021,TV-14,https://www.imdb.com//title/tt10295212/
Sardar Udham,"Biography, Crime, Drama",164,8.4,2021,TV-MA,https://www.imdb.com//title/tt10280296/
Like Stars on Earth,"Drama, Family",165,8.4,2007,PG,https://www.imdb.com//title/tt0986264/
WALL·E,"Animation, Adventure, Family",98 ,8.4,2008,G,https://www.imdb.com//title/tt0910970/
The Lives of Others,"Drama, Mystery, Thriller",137,8.4,2006,R,https://www.imdb.com//title/tt0405094/
Oldboy,"Action, Drama, Mystery",120,8.4,2003,R,https://www.imdb.com//title/tt0364569/
Memento,"Mystery, Thriller",113,8.4,2000,R,https://www.imdb.com//title/tt0209144/
American Beauty,Drama,122,8.4,1999,R,https://www.imdb.com//title/tt0169547/
Princess Mononoke,"Animation, Action, Adventure",134,8.4,1997,PG-13,https://www.imdb.com//title/tt0119698/
Braveheart,"Biography, Drama, History",178,8.4,1995,R,https://www.imdb.com//title/tt0112573/
Come and See,"Drama, Thriller, War",142,8.4,1985,Not Rated,https://www.imdb.com//title/tt0091251/
Aliens,"Action, Adventure, Sci-Fi",137,8.4,1986,R,https://www.imdb.com//title/tt0090605/
Amadeus,"Biography, Drama, Music",160,8.4,1984,R,https://www.imdb.com//title/tt0086879/
Raiders of the Lost Ark,"Action, Adventure",115,8.4,1981,PG,https://www.imdb.com//title/tt0082971/
The Boat,"Drama, War",149,8.4,1981,R,https://www.imdb.com//title/tt0082096/
The Shining,"Drama, Horror",146,8.4,1980,R,https://www.imdb.com//title/tt0081505/
High and Low,"Crime, Drama, Mystery",143,8.4,1963,Not Rated,https://www.imdb.com//title/tt0057565/
Dr. Strangelove or: How I Learned to Stop Worrying and Love the Bomb,"Comedy, War",95 ,8.4,1964,PG,https://www.imdb.com//title/tt0057012/
Witness for the Prosecution,"Crime, Drama, Mystery",116,8.4,1957,Approved,https://www.imdb.com//title/tt0051201/
Paths of Glory,"Drama, War",88 ,8.4,1957,Approved,https://www.imdb.com//title/tt0050825/
Sunset Blvd.,"Drama, Film-Noir",110,8.4,1950,Passed,https://www.imdb.com//title/tt0043014/
The Great Dictator,"Comedy, Drama, War",125,8.4,1940,G,https://www.imdb.com//title/tt0032553/
Chhichhore,"Comedy, Drama, Romance",143,8.3,2019,Not Rated,https://www.imdb.com//title/tt9052870/
Raatchasan,"Crime, Drama, Mystery",170,8.3,2018,Not Rated,https://www.imdb.com//title/tt7060344/
Ayla: The Daughter of War,"Biography, Drama, History",125,8.3,2017,NA,https://www.imdb.com//title/tt6316138/
Vikram Vedha,"Action, Crime, Drama",147,8.3,2017,Not Rated,https://www.imdb.com//title/tt6148156/
Dangal,"Action, Biography, Drama",161,8.3,2016,Not Rated,https://www.imdb.com//title/tt5074352/
Drishyam,"Crime, Drama, Thriller",160,8.3,2013,Not Rated,https://www.imdb.com//title/tt3417422/
The Hunt,Drama,115,8.3,2012,R,https://www.imdb.com//title/tt2106476/
A Separation,Drama,123,8.3,2011,PG-13,https://www.imdb.com//title/tt1832382/
Incendies,"Drama, Mystery",131,8.3,2010,R,https://www.imdb.com//title/tt1255953/
Spider-Man: No Way Home,"Action, Adventure, Fantasy",148,8.3,2021,PG-13,https://www.imdb.com//title/tt10872600/
K.G.F: Chapter 2,"Action, Crime, Drama",168,8.3,2022,Not Rated,https://www.imdb.com//title/tt10698680/
Up,"Animation, Adventure, Comedy",96 ,8.3,2009,PG,https://www.imdb.com//title/tt1049413/
Toy Story 3,"Animation, Adventure, Comedy",103,8.3,2010,G,https://www.imdb.com//title/tt0435761/
Inglourious Basterds,"Adventure, Drama, War",153,8.3,2009,R,https://www.imdb.com//title/tt0361748/
Eternal Sunshine of the Spotless Mind,"Drama, Romance, Sci-Fi",108,8.3,2004,R,https://www.imdb.com//title/tt0338013/
Amélie,"Comedy, Romance",122,8.3,2001,R,https://www.imdb.com//title/tt0211915/
Requiem for a Dream,Drama,102,8.3,2000,R,https://www.imdb.com//title/tt0180093/
Good Will Hunting,"Drama, Romance",126,8.3,1997,R,https://www.imdb.com//title/tt0119217/
Toy Story,"Animation, Adventure, Comedy",81 ,8.3,1995,G,https://www.imdb.com//title/tt0114709/
Heat,"Action, Crime, Drama",170,8.3,1995,R,https://www.imdb.com//title/tt0113277/
Reservoir Dogs,"Crime, Thriller",99 ,8.3,1992,R,https://www.imdb.com//title/tt0105236/
Full Metal Jacket,"Drama, War",116,8.3,1987,R,https://www.imdb.com//title/tt0093058/
Once Upon a Time in America,"Crime, Drama",229,8.3,1984,R,https://www.imdb.com//title/tt0087843/
Scarface,"Crime, Drama",170,8.3,1983,R,https://www.imdb.com//title/tt0086250/
Star Wars: Episode VI - Return of the Jedi,"Action, Adventure, Fantasy",131,8.3,1983,PG,https://www.imdb.com//title/tt0086190/
The Sting,"Comedy, Crime, Drama",129,8.3,1973,PG,https://www.imdb.com//title/tt0070735/
A Clockwork Orange,"Crime, Sci-Fi",136,8.3,1971,R,https://www.imdb.com//title/tt0066921/
2001: A Space Odyssey,"Adventure, Sci-Fi",149,8.3,1968,G,https://www.imdb.com//title/tt0062622/
To Kill a Mockingbird,"Crime, Drama",129,8.3,1962,Approved,https://www.imdb.com//title/tt0056592/
Lawrence of Arabia,"Adventure, Biography, Drama",218,8.3,1962,Approved,https://www.imdb.com//title/tt0056172/
Judgment at Nuremberg,"Drama, War",179,8.3,1961,Approved,https://www.imdb.com//title/tt0055031/
The Apartment,"Comedy, Drama, Romance",125,8.3,1960,Approved,https://www.imdb.com//title/tt0053604/
North by Northwest,"Action, Adventure, Mystery",136,8.3,1959,Approved,https://www.imdb.com//title/tt0053125/
Vertigo,"Mystery, Romance, Thriller",128,8.3,1958,PG,https://www.imdb.com//title/tt0052357/
Pather Panchali,Drama,125,8.3,1955,Not Rated,https://www.imdb.com//title/tt0048473/
Singin' in the Rain,"Comedy, Musical, Romance",103,8.3,1952,G,https://www.imdb.com//title/tt0045152/
Ikiru,Drama,143,8.3,1952,Not Rated,https://www.imdb.com//title/tt0044741/
Bicycle Thieves,Drama,89 ,8.3,1948,Not Rated,https://www.imdb.com//title/tt0040522/
Double Indemnity,"Crime, Drama, Film-Noir",107,8.3,1944,Passed,https://www.imdb.com//title/tt0036775/
Citizen Kane,"Drama, Mystery",119,8.3,1941,PG,https://www.imdb.com//title/tt0033467/
M,"Crime, Mystery, Thriller",99 ,8.3,1931,Passed,https://www.imdb.com//title/tt0022100/
Metropolis,"Drama, Sci-Fi",153,8.3,1927,Not Rated,https://www.imdb.com//title/tt0017136/
The Kid,"Comedy, Drama, Family",68 ,8.3,1921,Passed,https://www.imdb.com//title/tt0012349/
1917,"Action, Drama, War",119,8.2,2019,R,https://www.imdb.com//title/tt8579674/
Uri: The Surgical Strike,"Action, Drama, History",138,8.2,2019,Not Rated,https://www.imdb.com//title/tt8291224/
Tumbbad,"Drama, Fantasy, Horror",104,8.2,2018,Not Rated,https://www.imdb.com//title/tt8239946/
Andhadhun,"Comedy, Crime, Music",139,8.2,2018,Not Rated,https://www.imdb.com//title/tt8108198/
K.G.F: Chapter 1,"Action, Crime, Drama",156,8.2,2018,Not Rated,https://www.imdb.com//title/tt7838252/
Green Book,"Biography, Comedy, Drama",130,8.2,2018,PG-13,https://www.imdb.com//title/tt6966692/
Baahubali 2: The Conclusion,"Action, Drama",167,8.2,2017,Not Rated,https://www.imdb.com//title/tt4849438/
Drishyam,"Crime, Drama, Mystery",163,8.2,2015,Not Rated,https://www.imdb.com//title/tt4430212/
Bhaag Milkha Bhaag,"Biography, Drama, Sport",186,8.2,2013,Not Rated,https://www.imdb.com//title/tt2356180/
Inside Out,"Animation, Adventure, Comedy",95 ,8.2,I) (,PG,https://www.imdb.com//title/tt2096673/
Gangs of Wasseypur,"Action, Comedy, Crime",321,8.2,2012,Not Rated,https://www.imdb.com//title/tt1954470/
Paan Singh Tomar,"Action, Biography, Crime",135,8.2,2012,Not Rated,https://www.imdb.com//title/tt1620933/
Zindagi Na Milegi Dobara,"Comedy, Drama, Musical",155,8.2,2011,Not Rated,https://www.imdb.com//title/tt1562872/
The Secret in Their Eyes,"Drama, Mystery, Romance",129,8.2,2009,R,https://www.imdb.com//title/tt1305806/
Warrior,"Action, Drama, Sport",140,8.2,2011,PG-13,https://www.imdb.com//title/tt1291584/
Shutter Island,"Mystery, Thriller",138,8.2,2010,R,https://www.imdb.com//title/tt1130884/
Demon Slayer the Movie: Mugen Train,"Animation, Action, Adventure",117,8.2,2020,R,https://www.imdb.com//title/tt11032374/
Miracle in Cell No. 7,Drama,132,8.2,2019,TV-14,https://www.imdb.com//title/tt10431500/
The Father,"Drama, Mystery",97 ,8.2,I) (,PG-13,https://www.imdb.com//title/tt10272386/
The Wolf of Wall Street,"Biography, Comedy, Crime",180,8.2,2013,R,https://www.imdb.com//title/tt0993846/
No Country for Old Men,"Crime, Drama, Thriller",122,8.2,2007,R,https://www.imdb.com//title/tt0477348/
My Father and My Son,"Drama, Family",112,8.2,2005,Not Rated,https://www.imdb.com//title/tt0476735/
There Will Be Blood,Drama,158,8.2,2007,R,https://www.imdb.com//title/tt0469494/
Pan's Labyrinth,"Drama, Fantasy, War",118,8.2,2006,R,https://www.imdb.com//title/tt0457430/
V for Vendetta,"Action, Drama, Sci-Fi",132,8.2,2005,R,https://www.imdb.com//title/tt0434409/
Batman Begins,"Action, Crime, Drama",140,8.2,2005,PG-13,https://www.imdb.com//title/tt0372784/
Swades,"Drama, Musical",189,8.2,2004,Not Rated,https://www.imdb.com//title/tt0367110/
Downfall,"Biography, Drama, History",156,8.2,2004,R,https://www.imdb.com//title/tt0363163/
Howl's Moving Castle,"Animation, Adventure, Family",119,8.2,2004,PG,https://www.imdb.com//title/tt0347149/
A Beautiful Mind,"Biography, Drama",135,8.2,2001,PG-13,https://www.imdb.com//title/tt0268978/
Kill Bill: Vol. 1,"Action, Crime, Drama",111,8.2,2003,R,https://www.imdb.com//title/tt0266697/
Finding Nemo,"Animation, Adventure, Comedy",100,8.2,2003,G,https://www.imdb.com//title/tt0266543/
Snatch,"Comedy, Crime",102,8.2,2000,R,https://www.imdb.com//title/tt0208092/
The Sixth Sense,"Drama, Mystery, Thriller",107,8.2,1999,PG-13,https://www.imdb.com//title/tt0167404/
"Lock, Stock and Two Smoking Barrels","Action, Comedy, Crime",107,8.2,1998,R,https://www.imdb.com//title/tt0120735/
The Truman Show,"Comedy, Drama",103,8.2,1998,PG,https://www.imdb.com//title/tt0120382/
L.A. Confidential,"Crime, Drama, Mystery",138,8.2,1997,R,https://www.imdb.com//title/tt0119488/
Children of Heaven,"Drama, Family, Sport",89 ,8.2,1997,PG,https://www.imdb.com//title/tt0118849/
Casino,"Crime, Drama",178,8.2,1995,R,https://www.imdb.com//title/tt0112641/
Jurassic Park,"Action, Adventure, Sci-Fi",127,8.2,1993,PG-13,https://www.imdb.com//title/tt0107290/
Unforgiven,"Drama, Western",130,8.2,1992,R,https://www.imdb.com//title/tt0105695/
Indiana Jones and the Last Crusade,"Action, Adventure",127,8.2,1989,PG-13,https://www.imdb.com//title/tt0097576/
Die Hard,"Action, Thriller",132,8.2,1988,R,https://www.imdb.com//title/tt0095016/
Ran,"Action, Drama, War",162,8.2,1985,R,https://www.imdb.com//title/tt0089881/
The Thing,"Horror, Mystery, Sci-Fi",109,8.2,1982,R,https://www.imdb.com//title/tt0084787/
Raging Bull,"Biography, Drama, Sport",129,8.2,1980,R,https://www.imdb.com//title/tt0081398/
The Elephant Man,"Biography, Drama",124,8.2,1980,PG,https://www.imdb.com//title/tt0080678/
Taxi Driver,"Crime, Drama",114,8.2,1976,R,https://www.imdb.com//title/tt0075314/
Monty Python and the Holy Grail,"Adventure, Comedy, Fantasy",91 ,8.2,1975,PG,https://www.imdb.com//title/tt0071853/
Dersu Uzala,"Adventure, Biography, Drama",142,8.2,1975,G,https://www.imdb.com//title/tt0071411/
Chinatown,"Drama, Mystery, Thriller",130,8.2,1974,R,https://www.imdb.com//title/tt0071315/
Z,"Crime, Drama, Thriller",127,8.2,1969,M/PG,https://www.imdb.com//title/tt0065234/
For a Few Dollars More,Western,132,8.2,1965,R,https://www.imdb.com//title/tt0059578/
The Great Escape,"Adventure, Drama, History",172,8.2,1963,Approved,https://www.imdb.com//title/tt0057115/
Yojimbo,"Action, Drama, Thriller",110,8.2,1961,Not Rated,https://www.imdb.com//title/tt0055630/
Some Like It Hot,"Comedy, Music, Romance",121,8.2,1959,Passed,https://www.imdb.com//title/tt0053291/
The Bridge on the River Kwai,"Adventure, Drama, War",161,8.2,1957,PG,https://www.imdb.com//title/tt0050212/
Dial M for Murder,"Crime, Thriller",105,8.2,1954,PG,https://www.imdb.com//title/tt0046912/
Tokyo Story,Drama,136,8.2,1953,Not Rated,https://www.imdb.com//title/tt0046438/
The Wages of Fear,"Adventure, Drama, Thriller",131,8.2,1953,Not Rated,https://www.imdb.com//title/tt0046268/
Umberto D.,Drama,89 ,8.2,1952,Not Rated,https://www.imdb.com//title/tt0045274/
Rashomon,"Crime, Drama, Mystery",88 ,8.2,1950,Not Rated,https://www.imdb.com//title/tt0042876/
All About Eve,Drama,138,8.2,1950,Passed,https://www.imdb.com//title/tt0042192/
The Treasure of the Sierra Madre,"Adventure, Drama, Western",126,8.2,1948,Passed,https://www.imdb.com//title/tt0040897/
To Be or Not to Be,"Comedy, Romance, War",99 ,8.2,1942,Passed,https://www.imdb.com//title/tt0035446/
Gone with the Wind,"Drama, Romance, War",238,8.2,1939,Passed,https://www.imdb.com//title/tt0031381/
The Passion of Joan of Arc,"Biography, Drama, History",114,8.2,1928,Passed,https://www.imdb.com//title/tt0019254/
The General,"Action, Adventure, Comedy",67 ,8.2,1926,Passed,https://www.imdb.com//title/tt0017925/
The Gold Rush,"Adventure, Comedy, Drama",95 ,8.2,1925,Passed,https://www.imdb.com//title/tt0015864/
Sherlock Jr.,"Action, Comedy, Romance",45 ,8.2,1924,Passed,https://www.imdb.com//title/tt0015324/
Portrait of a Lady on Fire,"Drama, Romance",122,8.1,2019,R,https://www.imdb.com//title/tt8613070/
Everything Everywhere All at Once,"Action, Adventure, Comedy",139,8.1,2022,R,https://www.imdb.com//title/tt6710474/
Pink,"Crime, Drama, Thriller",136,8.1,III),Not Rated,https://www.imdb.com//title/tt5571734/
A Silent Voice: The Movie,"Animation, Drama",130,8.1,2016,Not Rated,https://www.imdb.com//title/tt5323662/
"Three Billboards Outside Ebbing, Missouri","Comedy, Crime, Drama",115,8.1,2017,R,https://www.imdb.com//title/tt5027774/
Talvar,"Crime, Drama, Mystery",132,8.1,2015,Not Rated,https://www.imdb.com//title/tt4934950/
Klaus,"Animation, Adventure, Comedy",96 ,8.1,2019,PG,https://www.imdb.com//title/tt4729430/
Masaan,Drama,109,8.1,2015,NA,https://www.imdb.com//title/tt4635372/
The Handmaiden,"Drama, Romance, Thriller",145,8.1,2016,Not Rated,https://www.imdb.com//title/tt4016934/
Bajrangi Bhaijaan,"Action, Adventure, Comedy",163,8.1,2015,Not Rated,https://www.imdb.com//title/tt3863552/
Queen,"Adventure, Comedy, Drama",146,8.1,2013,Not Rated,https://www.imdb.com//title/tt3322420/
Logan,"Action, Drama, Sci-Fi",137,8.1,2017,R,https://www.imdb.com//title/tt3315342/
Room,"Drama, Thriller",118,8.1,I) (,R,https://www.imdb.com//title/tt3170832/
Wild Tales,"Comedy, Drama, Thriller",122,8.1,2014,R,https://www.imdb.com//title/tt3011894/
Tangerines,"Drama, War",87 ,8.1,2013,Not Rated,https://www.imdb.com//title/tt2991224/
Winter Sleep,Drama,196,8.1,2014,Not Rated,https://www.imdb.com//title/tt2758880/
PK,"Comedy, Drama, Sci-Fi",153,8.1,2014,Not Rated,https://www.imdb.com//title/tt2338151/
OMG: Oh My God!,"Comedy, Drama, Fantasy",125,8.1,2012,Not Rated,https://www.imdb.com//title/tt2283748/
The Grand Budapest Hotel,"Adventure, Comedy, Crime",99 ,8.1,2014,R,https://www.imdb.com//title/tt2278388/
Gone Girl,"Drama, Mystery, Thriller",149,8.1,2014,R,https://www.imdb.com//title/tt2267998/
Wolf Children,"Animation, Drama, Family",117,8.1,2012,PG,https://www.imdb.com//title/tt2140203/
Hacksaw Ridge,"Biography, Drama, History",139,8.1,2016,R,https://www.imdb.com//title/tt2119532/
Barfi!,"Comedy, Drama, Romance",151,8.1,2012,Not Rated,https://www.imdb.com//title/tt2082197/
12 Years a Slave,"Biography, Drama, History",134,8.1,2013,R,https://www.imdb.com//title/tt2024544/
Rush,"Action, Biography, Drama",123,8.1,I) (,R,https://www.imdb.com//title/tt1979320/
Ford v Ferrari,"Action, Biography, Drama",152,8.1,2019,PG-13,https://www.imdb.com//title/tt1950186/
Spotlight,"Biography, Crime, Drama",129,8.1,I) (,R,https://www.imdb.com//title/tt1895587/
Kahaani,"Mystery, Thriller",122,8.1,2012,Not Rated,https://www.imdb.com//title/tt1821480/
Udaan,Drama,134,8.1,2010,Not Rated,https://www.imdb.com//title/tt1639426/
The Help,Drama,146,8.1,2011,PG-13,https://www.imdb.com//title/tt1454029/
Prisoners,"Crime, Drama, Mystery",153,8.1,2013,R,https://www.imdb.com//title/tt1392214/
Mad Max: Fury Road,"Action, Adventure, Sci-Fi",120,8.1,2015,R,https://www.imdb.com//title/tt1392190/
A Wednesday,"Action, Crime, Drama",104,8.1,2008,Not Rated,https://www.imdb.com//title/tt1280558/
Gran Torino,Drama,116,8.1,2008,R,https://www.imdb.com//title/tt1205489/
Harry Potter and the Deathly Hallows: Part 2,"Adventure, Family, Fantasy",130,8.1,2011,PG-13,https://www.imdb.com//title/tt1201607/
Article 15,"Crime, Drama, Mystery",130,8.1,2019,Not Rated,https://www.imdb.com//title/tt10324144/
Hachi: A Dog's Tale,"Biography, Drama, Family",93 ,8.1,2009,G,https://www.imdb.com//title/tt1028532/
Mary and Max,"Animation, Comedy, Drama",92 ,8.1,2009,Not Rated,https://www.imdb.com//title/tt0978762/
How to Train Your Dragon,"Animation, Action, Adventure",98 ,8.1,2010,PG,https://www.imdb.com//title/tt0892769/
Let's Go! India,"Drama, Family, Sport",153,8.1,2007,Not Rated,https://www.imdb.com//title/tt0871510/
Into the Wild,"Adventure, Biography, Drama",148,8.1,2007,R,https://www.imdb.com//title/tt0758758/
Rang De Basanti,"Comedy, Crime, Drama",167,8.1,2006,Not Rated,https://www.imdb.com//title/tt0405508/
Million Dollar Baby,"Drama, Sport",132,8.1,2004,PG-13,https://www.imdb.com//title/tt0405159/
Hotel Rwanda,"Biography, Drama, History",121,8.1,2004,PG-13,https://www.imdb.com//title/tt0395169/
Ratatouille,"Animation, Adventure, Comedy",111,8.1,2007,G,https://www.imdb.com//title/tt0382932/
Before Sunset,"Drama, Romance",80 ,8.1,2004,R,https://www.imdb.com//title/tt0381681/
Black,Drama,122,8.1,2005,Not Rated,https://www.imdb.com//title/tt0375611/
Munna Bhai M.B.B.S.,"Comedy, Drama",156,8.1,2003,Not Rated,https://www.imdb.com//title/tt0374887/
Memories of Murder,"Crime, Drama, Mystery",132,8.1,2003,Not Rated,https://www.imdb.com//title/tt0353969/
Pirates of the Caribbean: The Curse of the Black Pearl,"Action, Adventure, Fantasy",143,8.1,2003,PG-13,https://www.imdb.com//title/tt0325980/
Dil Chahta Hai,"Comedy, Drama, Romance",183,8.1,2001,Not Rated,https://www.imdb.com//title/tt0292490/
Catch Me If You Can,"Biography, Crime, Drama",141,8.1,2002,PG-13,https://www.imdb.com//title/tt0264464/
Her Sey Çok Güzel Olacak,"Comedy, Drama, Thriller",107,8.1,1998,NA,https://www.imdb.com//title/tt0263438/
Amores Perros,"Drama, Thriller",154,8.1,2000,R,https://www.imdb.com//title/tt0245712/
Hera Pheri,"Action, Comedy, Crime",156,8.1,2000,Not Rated,https://www.imdb.com//title/tt0242519/
Sarfarosh,"Action, Drama, Thriller",174,8.1,1999,Not Rated,https://www.imdb.com//title/tt0200087/
"Monsters, Inc.","Animation, Adventure, Comedy",92 ,8.1,2001,G,https://www.imdb.com//title/tt0198781/
Lagaan: Once Upon a Time in India,"Drama, Musical, Sport",224,8.1,2001,PG,https://www.imdb.com//title/tt0169102/
The Celebration,Drama,105,8.1,1998,R,https://www.imdb.com//title/tt0154420/
The Iron Giant,"Animation, Action, Adventure",86 ,8.1,1999,PG,https://www.imdb.com//title/tt0129167/
The Big Lebowski,"Comedy, Crime",117,8.1,1998,R,https://www.imdb.com//title/tt0118715/
In the Mood for Love,"Drama, Romance",98 ,8.1,2000,PG,https://www.imdb.com//title/tt0118694/
Trainspotting,Drama,93 ,8.1,1996,R,https://www.imdb.com//title/tt0117951/
Fargo,"Crime, Thriller",98 ,8.1,1996,R,https://www.imdb.com//title/tt0116282/
The Bandit,"Crime, Drama, Thriller",128,8.1,1996,Not Rated,https://www.imdb.com//title/tt0116231/
Underground,"Comedy, Drama, Fantasy",167,8.1,1995,Not Rated,https://www.imdb.com//title/tt0114787/
La haine,"Crime, Drama",98 ,8.1,1995,Not Rated,https://www.imdb.com//title/tt0113247/
Before Sunrise,"Drama, Romance",101,8.1,1995,R,https://www.imdb.com//title/tt0112471/
Three Colors: Red,"Drama, Mystery, Romance",99 ,8.1,1994,R,https://www.imdb.com//title/tt0111495/
In the Name of the Father,"Biography, Crime, Drama",133,8.1,1993,R,https://www.imdb.com//title/tt0107207/
Groundhog Day,"Comedy, Drama, Fantasy",101,8.1,1993,PG,https://www.imdb.com//title/tt0107048/
Farewell My Concubine,"Drama, Music, Romance",171,8.1,1993,R,https://www.imdb.com//title/tt0106332/
Raise the Red Lantern,"Drama, Romance",125,8.1,1991,PG,https://www.imdb.com//title/tt0101640/
Time of the Gypsies,"Comedy, Crime, Drama",142,8.1,1988,R,https://www.imdb.com//title/tt0097223/
Dead Poets Society,"Comedy, Drama",128,8.1,1989,PG,https://www.imdb.com//title/tt0097165/
My Neighbor Totoro,"Animation, Comedy, Family",86 ,8.1,1988,G,https://www.imdb.com//title/tt0096283/
Stand by Me,"Adventure, Drama",89 ,8.1,1986,R,https://www.imdb.com//title/tt0092005/
Platoon,"Drama, War",120,8.1,1986,R,https://www.imdb.com//title/tt0091763/
Jean de Florette,"Comedy, Drama",120,8.1,1986,PG,https://www.imdb.com//title/tt0091288/
The Terminator,"Action, Sci-Fi",107,8.1,1984,R,https://www.imdb.com//title/tt0088247/
"Paris, Texas",Drama,145,8.1,1984,R,https://www.imdb.com//title/tt0087884/
Gandhi,"Biography, Drama, History",191,8.1,1982,PG,https://www.imdb.com//title/tt0083987/
Fanny and Alexander,Drama,188,8.1,1982,R,https://www.imdb.com//title/tt0083922/
Blade Runner,"Action, Drama, Sci-Fi",117,8.1,1982,R,https://www.imdb.com//title/tt0083658/
Stalker,"Drama, Sci-Fi",162,8.1,1979,Not Rated,https://www.imdb.com//title/tt0079944/
Autumn Sonata,"Drama, Music",99 ,8.1,1978,PG,https://www.imdb.com//title/tt0077711/
The Deer Hunter,"Drama, War",183,8.1,1978,R,https://www.imdb.com//title/tt0077416/
Rocky,"Drama, Sport",120,8.1,1976,PG,https://www.imdb.com//title/tt0075148/
Network,Drama,121,8.1,1976,R,https://www.imdb.com//title/tt0074958/
The Message,"Biography, Drama, History",177,8.1,1976,PG,https://www.imdb.com//title/tt0074896/
Sholay,"Action, Adventure, Comedy",162,8.1,1975,Not Rated,https://www.imdb.com//title/tt0073707/
Jaws,"Adventure, Thriller",124,8.1,1975,PG,https://www.imdb.com//title/tt0073195/
Barry Lyndon,"Adventure, Drama, War",185,8.1,1975,PG,https://www.imdb.com//title/tt0072684/
A Woman Under the Influence,"Drama, Romance",155,8.1,1974,R,https://www.imdb.com//title/tt0072417/
Paper Moon,"Comedy, Crime, Drama",102,8.1,1973,PG,https://www.imdb.com//title/tt0070510/
The Exorcist,Horror,122,8.1,1973,R,https://www.imdb.com//title/tt0070047/
Anand,"Drama, Musical",122,8.1,1971,Not Rated,https://www.imdb.com//title/tt0066763/
Cool Hand Luke,"Crime, Drama",127,8.1,1967,GP,https://www.imdb.com//title/tt0061512/
Persona,"Drama, Thriller",83 ,8.1,1966,Not Rated,https://www.imdb.com//title/tt0060827/
Andrei Rublev,"Biography, Drama, History",205,8.1,1966,R,https://www.imdb.com//title/tt0060107/
The Sound of Music,"Biography, Drama, Family",172,8.1,1965,G,https://www.imdb.com//title/tt0059742/
The Battle of Algiers,"Drama, War",121,8.1,1966,Not Rated,https://www.imdb.com//title/tt0058946/
The Man Who Shot Liberty Valance,"Drama, Western",123,8.1,1962,Approved,https://www.imdb.com//title/tt0056217/
The Virgin Spring,Drama,89 ,8.1,1960,Not Rated,https://www.imdb.com//title/tt0053976/
Inherit the Wind,"Biography, Drama, History",128,8.1,1960,Passed,https://www.imdb.com//title/tt0053946/
The 400 Blows,"Crime, Drama",99 ,8.1,1959,Not Rated,https://www.imdb.com//title/tt0053198/
Ben-Hur,"Adventure, Drama",212,8.1,1959,G,https://www.imdb.com//title/tt0052618/
The Hidden Fortress,"Action, Adventure, Drama",126,8.1,1958,Not Rated,https://www.imdb.com//title/tt0051808/
Wild Strawberries,"Drama, Romance",91 ,8.1,1957,Not Rated,https://www.imdb.com//title/tt0050986/
The Seventh Seal,"Drama, Fantasy",96 ,8.1,1957,Not Rated,https://www.imdb.com//title/tt0050976/
Nights of Cabiria,Drama,110,8.1,1957,Not Rated,https://www.imdb.com//title/tt0050783/
Throne of Blood,"Drama, History",110,8.1,1957,Not Rated,https://www.imdb.com//title/tt0050613/
Rififi,"Crime, Drama, Thriller",118,8.1,1955,Not Rated,https://www.imdb.com//title/tt0048021/
On the Waterfront,"Crime, Drama, Thriller",108,8.1,1954,Approved,https://www.imdb.com//title/tt0047296/
Diabolique,"Crime, Drama, Horror",117,8.1,1955,Not Rated,https://www.imdb.com//title/tt0046911/
Ace in the Hole,"Drama, Film-Noir",111,8.1,1951,Approved,https://www.imdb.com//title/tt0043338/
White Heat,"Action, Crime, Drama",114,8.1,1949,Not Rated,https://www.imdb.com//title/tt0042041/
The Third Man,"Film-Noir, Mystery, Thriller",93 ,8.1,1949,Approved,https://www.imdb.com//title/tt0041959/
The Red Shoes,"Drama, Music, Romance",135,8.1,1948,Not Rated,https://www.imdb.com//title/tt0040725/
The Best Years of Our Lives,"Drama, Romance, War",170,8.1,1946,Approved,https://www.imdb.com//title/tt0036868/
Rebecca,"Drama, Film-Noir, Mystery",130,8.1,1940,Approved,https://www.imdb.com//title/tt0032976/
The Grapes of Wrath,Drama,129,8.1,1940,Passed,https://www.imdb.com//title/tt0032551/
The Wizard of Oz,"Adventure, Family, Fantasy",102,8.1,1939,PG,https://www.imdb.com//title/tt0032138/
Mr. Smith Goes to Washington,"Comedy, Drama",129,8.1,1939,Passed,https://www.imdb.com//title/tt0031679/
The Grand Illusion,"Drama, War",113,8.1,1937,Not Rated,https://www.imdb.com//title/tt0028950/
It Happened One Night,"Comedy, Romance",105,8.1,1934,Passed,https://www.imdb.com//title/tt0025316/
All Quiet on the Western Front,"Drama, War",152,8.1,1930,Passed,https://www.imdb.com//title/tt0020629/
The Circus,"Comedy, Family, Romance",72 ,8.1,1928,Passed,https://www.imdb.com//title/tt0018773/
Sunrise,"Drama, Romance",94 ,8.1,1927,Passed,https://www.imdb.com//title/tt0018455/
"Quo Vadis, Aida?","Drama, History, War",101,8.0,2020,NA,https://www.imdb.com//title/tt8633462/
Wolfwalkers,"Animation, Adventure, Family",103,8.0,2020,PG,https://www.imdb.com//title/tt5198068/
The Invisible Guest,"Crime, Drama, Mystery",106,8.0,2016,TV-MA,https://www.imdb.com//title/tt4857264/
La La Land,"Comedy, Drama, Music",128,8.0,2016,PG-13,https://www.imdb.com//title/tt3783958/
Lion,"Biography, Drama",118,8.0,2016,PG-13,https://www.imdb.com//title/tt3741834/
The Martian,"Adventure, Drama, Sci-Fi",144,8.0,2015,PG-13,https://www.imdb.com//title/tt3659388/
Mommy,Drama,139,8.0,I) (,R,https://www.imdb.com//title/tt3612616/
Haider,"Action, Crime, Drama",160,8.0,2014,Not Rated,https://www.imdb.com//title/tt3390572/
Soul,"Animation, Adventure, Comedy",100,8.0,2020,PG,https://www.imdb.com//title/tt2948372/
Zootopia,"Animation, Adventure, Comedy",108,8.0,2016,PG,https://www.imdb.com//title/tt2948356/
Baahubali: The Beginning,"Action, Drama",159,8.0,2015,Not Rated,https://www.imdb.com//title/tt2631186/
The Tale of The Princess Kaguya,"Animation, Drama, Family",137,8.0,2013,PG,https://www.imdb.com//title/tt2576852/
Special 26,"Crime, Drama, Thriller",144,8.0,2013,Not Rated,https://www.imdb.com//title/tt2377938/
The Imitation Game,"Biography, Drama, Thriller",114,8.0,2014,PG-13,https://www.imdb.com//title/tt2084970/
Guardians of the Galaxy,"Action, Adventure, Comedy",121,8.0,2014,PG-13,https://www.imdb.com//title/tt2015381/
Song of the Sea,"Animation, Adventure, Drama",93 ,8.0,2014,PG,https://www.imdb.com//title/tt1865505/
Blade Runner 2049,"Action, Drama, Mystery",164,8.0,2017,R,https://www.imdb.com//title/tt1856101/
Her,"Drama, Romance, Sci-Fi",126,8.0,2013,R,https://www.imdb.com//title/tt1798709/
The Revenant,"Action, Adventure, Drama",156,8.0,2015,R,https://www.imdb.com//title/tt1663202/
Avatar: The Way of Water,"Action, Adventure, Fantasy",192,8.0,2022,PG-13,https://www.imdb.com//title/tt1630029/
Elite Squad 2: The Enemy Within,"Action, Crime, Drama",115,8.0,2010,Not Rated,https://www.imdb.com//title/tt1555149/
The King's Speech,"Biography, Drama, History",118,8.0,2010,R,https://www.imdb.com//title/tt1504320/
Deadpool,"Action, Adventure, Comedy",108,8.0,2016,R,https://www.imdb.com//title/tt1431045/
Zack Snyder's Justice League,"Action, Adventure, Fantasy",242,8.0,2021,R,https://www.imdb.com//title/tt12361974/
Ip Man,"Action, Biography, Drama",106,8.0,2008,R,https://www.imdb.com//title/tt1220719/
The Banshees of Inisherin,"Comedy, Drama",114,8.0,2022,R,https://www.imdb.com//title/tt11813216/
Nefes: Vatan Sagolsun,"Action, Drama, Thriller",128,8.0,2009,NA,https://www.imdb.com//title/tt1171701/
Dune,"Action, Adventure, Drama",155,8.0,2021,PG-13,https://www.imdb.com//title/tt1160419/
Departures,Drama,130,8.0,2008,PG-13,https://www.imdb.com//title/tt1069238/
CODA,"Comedy, Drama, Music",111,8.0,2021,PG-13,https://www.imdb.com//title/tt10366460/
Slumdog Millionaire,"Crime, Drama, Romance",120,8.0,2008,R,https://www.imdb.com//title/tt1010048/
Black Swan,"Drama, Thriller",108,8.0,2010,R,https://www.imdb.com//title/tt0947798/
Elite Squad,"Action, Crime, Drama",115,8.0,2007,R,https://www.imdb.com//title/tt0861739/
The Avengers,"Action, Adventure, Sci-Fi",143,8.0,2012,PG-13,https://www.imdb.com//title/tt0848228/
Persepolis,"Animation, Biography, Drama",96 ,8.0,2007,PG-13,https://www.imdb.com//title/tt0808417/
"Carry On, Munna Bhai","Comedy, Drama, Romance",144,8.0,2006,Not Rated,https://www.imdb.com//title/tt0456144/
The Pursuit of Happyness,"Biography, Drama",117,8.0,2006,PG-13,https://www.imdb.com//title/tt0454921/
Blood Diamond,"Adventure, Drama, Thriller",143,8.0,2006,R,https://www.imdb.com//title/tt0450259/
The Bourne Ultimatum,"Action, Mystery, Thriller",115,8.0,2007,PG-13,https://www.imdb.com//title/tt0440963/
Nobody Knows,Drama,141,8.0,2004,PG-13,https://www.imdb.com//title/tt0408664/
Sin City,"Crime, Thriller",124,8.0,2005,R,https://www.imdb.com//title/tt0401792/
The Diving Bell and the Butterfly,"Biography, Drama",112,8.0,2007,PG-13,https://www.imdb.com//title/tt0401383/
Tae Guk Gi: The Brotherhood of War,"Action, Drama, War",140,8.0,2004,R,https://www.imdb.com//title/tt0386064/
G.O.R.A.,"Adventure, Comedy, Sci-Fi",127,8.0,2004,NA,https://www.imdb.com//title/tt0384116/
Casino Royale,"Action, Adventure, Thriller",144,8.0,2006,PG-13,https://www.imdb.com//title/tt0381061/
Kill Bill: Vol. 2,"Action, Crime, Thriller",137,8.0,2004,R,https://www.imdb.com//title/tt0378194/
"Spring, Summer, Fall, Winter... and Spring","Drama, Romance",103,8.0,2003,R,https://www.imdb.com//title/tt0374546/
The Sea Inside,"Biography, Drama",126,8.0,I) (,PG-13,https://www.imdb.com//title/tt0369702/
Cinderella Man,"Biography, Drama, Romance",144,8.0,2005,PG-13,https://www.imdb.com//title/tt0352248/
Infernal Affairs,"Action, Crime, Drama",101,8.0,2002,R,https://www.imdb.com//title/tt0338564/
Big Fish,"Adventure, Drama, Fantasy",125,8.0,2003,PG-13,https://www.imdb.com//title/tt0319061/
The Incredibles,"Animation, Action, Adventure",115,8.0,2004,PG,https://www.imdb.com//title/tt0317705/
My Sassy Girl,"Comedy, Drama, Romance",137,8.0,2001,Not Rated,https://www.imdb.com//title/tt0293715/
Dogville,"Crime, Drama",178,8.0,2003,R,https://www.imdb.com//title/tt0276919/
Vizontele,"Comedy, Drama",110,8.0,2001,NA,https://www.imdb.com//title/tt0270053/
Donnie Darko,"Drama, Mystery, Sci-Fi",113,8.0,2001,R,https://www.imdb.com//title/tt0246578/
Magnolia,Drama,188,8.0,1999,R,https://www.imdb.com//title/tt0175880/
Neon Genesis Evangelion: The End of Evangelion,"Animation, Action, Drama",87 ,8.0,1997,TV-MA,https://www.imdb.com//title/tt0169858/
The Straight Story,"Biography, Drama",112,8.0,1999,G,https://www.imdb.com//title/tt0166896/
Perfect Blue,"Animation, Crime, Drama",81 ,8.0,1997,R,https://www.imdb.com//title/tt0156887/
Central Station,Drama,110,8.0,1998,R,https://www.imdb.com//title/tt0140888/
The Legend of 1900,"Drama, Music, Romance",169,8.0,1998,R,https://www.imdb.com//title/tt0120731/
"Black Cat, White Cat","Comedy, Crime, Romance",127,8.0,1998,R,https://www.imdb.com//title/tt0118843/
Sling Blade,Drama,135,8.0,1996,R,https://www.imdb.com//title/tt0117666/
Secrets & Lies,"Comedy, Drama",136,8.0,1996,R,https://www.imdb.com//title/tt0117589/
12 Monkeys,"Mystery, Sci-Fi, Thriller",129,8.0,1995,R,https://www.imdb.com//title/tt0114746/
Dilwale Dulhania Le Jayenge,"Drama, Romance",181,8.0,1995,Not Rated,https://www.imdb.com//title/tt0112870/
Chungking Express,"Comedy, Crime, Drama",102,8.0,1994,PG-13,https://www.imdb.com//title/tt0109424/
Andaz Apna Apna,"Action, Comedy, Romance",160,8.0,1994,Not Rated,https://www.imdb.com//title/tt0109117/
Scent of a Woman,Drama,156,8.0,1992,R,https://www.imdb.com//title/tt0105323/
Aladdin,"Animation, Adventure, Comedy",90 ,8.0,1992,G,https://www.imdb.com//title/tt0103639/
JFK,"Drama, History, Thriller",189,8.0,1991,R,https://www.imdb.com//title/tt0102138/
Beauty and the Beast,"Animation, Family, Fantasy",84 ,8.0,1991,G,https://www.imdb.com//title/tt0101414/
Dances with Wolves,"Adventure, Drama, Western",181,8.0,1990,PG-13,https://www.imdb.com//title/tt0099348/
Rain Man,Drama,133,8.0,1988,R,https://www.imdb.com//title/tt0095953/
Akira,"Animation, Action, Drama",124,8.0,1988,R,https://www.imdb.com//title/tt0094625/
The Princess Bride,"Adventure, Family, Fantasy",98 ,8.0,1987,PG,https://www.imdb.com//title/tt0093779/
Wings of Desire,"Drama, Fantasy, Romance",128,8.0,1987,PG-13,https://www.imdb.com//title/tt0093191/
"Goodbye, Children","Drama, War",104,8.0,1987,PG,https://www.imdb.com//title/tt0092593/
Castle in the Sky,"Animation, Adventure, Family",125,8.0,1986,PG,https://www.imdb.com//title/tt0092067/
Nausicaä of the Valley of the Wind,"Animation, Adventure, Sci-Fi",117,8.0,1984,PG,https://www.imdb.com//title/tt0087544/
Nostalghia,Drama,125,8.0,1983,Not Rated,https://www.imdb.com//title/tt0086022/
Pink Floyd: The Wall,"Drama, Fantasy, Music",95 ,8.0,1982,R,https://www.imdb.com//title/tt0084503/
Fitzcarraldo,"Adventure, Drama",158,8.0,1982,PG,https://www.imdb.com//title/tt0083946/
Life of Brian,Comedy,94 ,8.0,1979,R,https://www.imdb.com//title/tt0079470/
Being There,"Comedy, Drama",130,8.0,1979,PG,https://www.imdb.com//title/tt0078841/
Annie Hall,"Comedy, Romance",93 ,8.0,1977,PG,https://www.imdb.com//title/tt0075686/
Dog Day Afternoon,"Biography, Crime, Drama",125,8.0,1975,R,https://www.imdb.com//title/tt0072890/
Mirror,"Biography, Drama",107,8.0,1975,Not Rated,https://www.imdb.com//title/tt0072443/
Young Frankenstein,Comedy,106,8.0,1974,PG,https://www.imdb.com//title/tt0072431/
Papillon,"Biography, Crime, Drama",151,8.0,1973,R,https://www.imdb.com//title/tt0070511/
Cries & Whispers,Drama,91 ,8.0,1972,R,https://www.imdb.com//title/tt0069467/
Solaris,"Drama, Mystery, Sci-Fi",167,8.0,1972,PG,https://www.imdb.com//title/tt0069293/
Sleuth,"Mystery, Thriller",138,8.0,1972,PG,https://www.imdb.com//title/tt0069281/
The Last Picture Show,"Drama, Romance",118,8.0,1971,R,https://www.imdb.com//title/tt0067328/
Fiddler on the Roof,"Drama, Family, Musical",181,8.0,1971,G,https://www.imdb.com//title/tt0067093/
Butch Cassidy and the Sundance Kid,"Biography, Crime, Drama",110,8.0,1969,PG,https://www.imdb.com//title/tt0064115/
Rosemary's Baby,"Drama, Horror",137,8.0,1968,Approved,https://www.imdb.com//title/tt0063522/
Planet of the Apes,"Adventure, Sci-Fi",112,8.0,1968,G,https://www.imdb.com//title/tt0063442/
Le Samouraï,"Crime, Drama",101,8.0,1967,GP,https://www.imdb.com//title/tt0062229/
The Graduate,"Comedy, Drama, Romance",106,8.0,1967,PG,https://www.imdb.com//title/tt0061722/
Who's Afraid of Virginia Woolf?,Drama,131,8.0,1966,Not Rated,https://www.imdb.com//title/tt0061184/
The Leopard,"Drama, History",186,8.0,1963,PG,https://www.imdb.com//title/tt0057091/
8½,Drama,138,8.0,1963,Not Rated,https://www.imdb.com//title/tt0056801/
The Exterminating Angel,"Drama, Fantasy",95 ,8.0,1962,Not Rated,https://www.imdb.com//title/tt0056732/
What Ever Happened to Baby Jane?,"Drama, Horror, Thriller",134,8.0,1962,Passed,https://www.imdb.com//title/tt0056687/
Sanjuro,"Action, Drama, Thriller",96 ,8.0,1962,Not Rated,https://www.imdb.com//title/tt0056443/
Ivan's Childhood,"Drama, War",95 ,8.0,1962,Not Rated,https://www.imdb.com//title/tt0056111/
Through a Glass Darkly,Drama,90 ,8.0,1961,Not Rated,https://www.imdb.com//title/tt0055499/
The Hustler,"Drama, Sport",134,8.0,1961,Not Rated,https://www.imdb.com//title/tt0054997/
La dolce vita,"Comedy, Drama",174,8.0,1960,Not Rated,https://www.imdb.com//title/tt0053779/
Rio Bravo,Western,141,8.0,1959,Passed,https://www.imdb.com//title/tt0053221/
Anatomy of a Murder,"Drama, Mystery",161,8.0,1959,Not Rated,https://www.imdb.com//title/tt0052561/
Touch of Evil,"Crime, Drama, Film-Noir",95 ,8.0,1958,PG-13,https://www.imdb.com//title/tt0052311/
Sweet Smell of Success,"Drama, Film-Noir",96 ,8.0,1957,Approved,https://www.imdb.com//title/tt0051036/
The Killing,"Crime, Drama, Film-Noir",84 ,8.0,1956,Approved,https://www.imdb.com//title/tt0049406/
The Night of the Hunter,"Crime, Drama, Film-Noir",92 ,8.0,1955,Not Rated,https://www.imdb.com//title/tt0048424/
La strada,Drama,108,8.0,1954,Not Rated,https://www.imdb.com//title/tt0047528/
Stalag 17,"Comedy, Drama, War",120,8.0,1953,Not Rated,https://www.imdb.com//title/tt0046359/
Roman Holiday,"Comedy, Romance",118,8.0,1953,Passed,https://www.imdb.com//title/tt0046250/
High Noon,"Drama, Thriller, Western",85 ,8.0,1952,PG,https://www.imdb.com//title/tt0044706/
Kind Hearts and Coronets,"Comedy, Crime",106,8.0,1949,Not Rated,https://www.imdb.com//title/tt0041546/
Out of the Past,"Crime, Drama, Film-Noir",97 ,8.0,1947,Not Rated,https://www.imdb.com//title/tt0039689/
"Rome, Open City","Drama, Thriller, War",103,8.0,1945,Not Rated,https://www.imdb.com//title/tt0038890/
Brief Encounter,"Drama, Romance",86 ,8.0,1945,Not Rated,https://www.imdb.com//title/tt0037558/
The Maltese Falcon,"Crime, Film-Noir, Mystery",100,8.0,1941,Passed,https://www.imdb.com//title/tt0033870/
The Shop Around the Corner,"Comedy, Drama, Romance",99 ,8.0,1940,Not Rated,https://www.imdb.com//title/tt0033045/
The Cabinet of Dr. Caligari,"Horror, Mystery, Thriller",67 ,8.0,1920,Not Rated,https://www.imdb.com//title/tt0010323/
Knives Out,"Comedy, Crime, Drama",130,7.9,2019,PG-13,https://www.imdb.com//title/tt8946378/
RRR,"Action, Drama",187,7.9,2022,Not Rated,https://www.imdb.com//title/tt8178634/
Shoplifters,"Crime, Drama, Thriller",121,7.9,2018,R,https://www.imdb.com//title/tt8075192/
Badhaai Ho,"Comedy, Drama",124,7.9,2018,Not Rated,https://www.imdb.com//title/tt7725596/
Marriage Story,"Drama, Romance",137,7.9,2019,R,https://www.imdb.com//title/tt7653254/
Super 30,"Biography, Drama",154,7.9,2019,Not Rated,https://www.imdb.com//title/tt7485048/
Pad Man,"Biography, Comedy, Drama",140,7.9,2018,PG-13,https://www.imdb.com//title/tt7218518/
Togo,"Adventure, Biography, Drama",113,7.9,2019,PG,https://www.imdb.com//title/tt5116302/
Airlift,"Action, Drama, History",130,7.9,2016,Not Rated,https://www.imdb.com//title/tt4387040/
M.S. Dhoni: The Untold Story,"Biography, Drama, Sport",184,7.9,2016,Not Rated,https://www.imdb.com//title/tt4169250/
Baby,"Action, Crime, Thriller",159,7.9,I) (,Not Rated,https://www.imdb.com//title/tt3848892/
Sing Street,"Comedy, Drama, Music",106,7.9,2016,PG-13,https://www.imdb.com//title/tt3544112/
Thor: Ragnarok,"Action, Adventure, Comedy",130,7.9,2017,PG-13,https://www.imdb.com//title/tt3501632/
Jojo Rabbit,"Comedy, Drama, War",108,7.9,2019,PG-13,https://www.imdb.com//title/tt2584384/
Wonder,"Drama, Family",113,7.9,I) (,PG,https://www.imdb.com//title/tt2543472/
Arrival,"Drama, Mystery, Sci-Fi",116,7.9,II) ,PG-13,https://www.imdb.com//title/tt2543164/
Gully Boy,"Drama, Music, Romance",154,7.9,2019,Not Rated,https://www.imdb.com//title/tt2395469/
Short Term 12,Drama,96 ,7.9,2013,R,https://www.imdb.com//title/tt2370248/
The Raid 2,"Action, Crime, Thriller",150,7.9,2014,R,https://www.imdb.com//title/tt2265171/
Before Midnight,"Drama, Romance",109,7.9,2013,R,https://www.imdb.com//title/tt2209418/
X-Men: Days of Future Past,"Action, Adventure, Sci-Fi",132,7.9,2014,PG-13,https://www.imdb.com//title/tt1877832/
Bohemian Rhapsody,"Biography, Drama, Music",134,7.9,2018,PG-13,https://www.imdb.com//title/tt1727824/
The Way He Looks,"Drama, Romance",96 ,7.9,2014,Not Rated,https://www.imdb.com//title/tt1702014/
The Perks of Being a Wallflower,Drama,103,7.9,2012,PG-13,https://www.imdb.com//title/tt1659337/
The Artist,"Comedy, Drama, Romance",100,7.9,I) (,PG-13,https://www.imdb.com//title/tt1655442/
Edge of Tomorrow,"Action, Adventure, Sci-Fi",113,7.9,2014,PG-13,https://www.imdb.com//title/tt1631867/
Amour,Drama,127,7.9,2012,PG-13,https://www.imdb.com//title/tt1602620/
About Elly,"Drama, Mystery",119,7.9,2009,TV-PG,https://www.imdb.com//title/tt1360860/
Dev.D,"Comedy, Drama, Romance",144,7.9,2009,Not Rated,https://www.imdb.com//title/tt1327035/
My Name Is Khan,"Adventure, Drama, Romance",165,7.9,2010,PG-13,https://www.imdb.com//title/tt1188996/
Let the Right One In,"Drama, Fantasy, Horror",114,7.9,2008,R,https://www.imdb.com//title/tt1139797/
District 9,"Action, Sci-Fi, Thriller",112,7.9,2009,R,https://www.imdb.com//title/tt1136608/
The Wrestler,"Drama, Sport",109,7.9,2008,R,https://www.imdb.com//title/tt1125849/
Jab We Met,"Comedy, Drama, Romance",138,7.9,2007,Not Rated,https://www.imdb.com//title/tt1093370/
Boyhood,Drama,165,7.9,I) (,R,https://www.imdb.com//title/tt1065073/
"4 Months, 3 Weeks and 2 Days",Drama,113,7.9,2007,Not Rated,https://www.imdb.com//title/tt1032846/
Star Trek,"Action, Adventure, Sci-Fi",127,7.9,2009,PG-13,https://www.imdb.com//title/tt0796366/
Dallas Buyers Club,"Biography, Drama",117,7.9,2013,R,https://www.imdb.com//title/tt0790636/
In Bruges,"Comedy, Crime, Drama",107,7.9,2008,R,https://www.imdb.com//title/tt0780536/
The Man from Earth,"Drama, Fantasy, Mystery",87 ,7.9,2007,Not Rated,https://www.imdb.com//title/tt0756683/
Letters from Iwo Jima,"Action, Adventure, Drama",141,7.9,2006,R,https://www.imdb.com//title/tt0498380/
Life of Pi,"Adventure, Drama, Fantasy",127,7.9,2012,PG,https://www.imdb.com//title/tt0454876/
Fantastic Mr. Fox,"Animation, Adventure, Comedy",87 ,7.9,2009,PG,https://www.imdb.com//title/tt0432283/
3-Iron,"Crime, Drama, Romance",88 ,7.9,2004,R,https://www.imdb.com//title/tt0423866/
C.R.A.Z.Y.,"Comedy, Drama",129,7.9,2005,Not Rated,https://www.imdb.com//title/tt0401085/
The Return,Drama,110,7.9,2003,Not Rated,https://www.imdb.com//title/tt0376968/
Iron Man,"Action, Adventure, Sci-Fi",126,7.9,2008,PG-13,https://www.imdb.com//title/tt0371746/
Shaun of the Dead,"Comedy, Horror",99 ,7.9,2004,R,https://www.imdb.com//title/tt0365748/
Kal Ho Naa Ho,"Comedy, Drama, Musical",186,7.9,2003,Not Rated,https://www.imdb.com//title/tt0347304/
Head-On,"Drama, Romance",121,7.9,2004,R,https://www.imdb.com//title/tt0347048/
Mystic River,"Crime, Drama, Mystery",138,7.9,2003,R,https://www.imdb.com//title/tt0327056/
Harry Potter and the Prisoner of Azkaban,"Adventure, Family, Fantasy",142,7.9,2004,PG,https://www.imdb.com//title/tt0304141/
Hero,"Action, Adventure, Drama",120,7.9,2002,PG-13,https://www.imdb.com//title/tt0299977/
Talk to Her,"Drama, Mystery, Romance",112,7.9,2002,R,https://www.imdb.com//title/tt0287467/
No Man's Land,"Comedy, Drama, War",98 ,7.9,I) (,R,https://www.imdb.com//title/tt0283509/
The Bourne Identity,"Action, Mystery, Thriller",119,7.9,2002,PG-13,https://www.imdb.com//title/tt0258463/
Nine Queens,"Crime, Drama, Thriller",114,7.9,2000,R,https://www.imdb.com//title/tt0247586/
Children of Men,"Action, Drama, Sci-Fi",109,7.9,2006,R,https://www.imdb.com//title/tt0206634/
"Crouching Tiger, Hidden Dragon","Action, Adventure, Drama",120,7.9,2000,PG-13,https://www.imdb.com//title/tt0190332/
Almost Famous,"Adventure, Comedy, Drama",122,7.9,2000,R,https://www.imdb.com//title/tt0181875/
Dancer in the Dark,"Crime, Drama, Musical",140,7.9,2000,R,https://www.imdb.com//title/tt0168629/
Mulholland Drive,"Drama, Mystery, Thriller",147,7.9,2001,R,https://www.imdb.com//title/tt0166924/
Shrek,"Animation, Adventure, Comedy",90 ,7.9,2001,PG,https://www.imdb.com//title/tt0126029/
Toy Story 2,"Animation, Adventure, Comedy",92 ,7.9,1999,G,https://www.imdb.com//title/tt0120363/
Titanic,"Drama, Romance",194,7.9,1997,PG-13,https://www.imdb.com//title/tt0120338/
Knockin' on Heaven's Door,"Action, Crime, Comedy",87 ,7.9,1997,Not Rated,https://www.imdb.com//title/tt0119472/
Boogie Nights,Drama,155,7.9,1997,R,https://www.imdb.com//title/tt0118749/
Whisper of the Heart,"Animation, Drama, Family",111,7.9,1995,G,https://www.imdb.com//title/tt0113824/
Ghost in the Shell,"Animation, Action, Crime",83 ,7.9,1995,TV-MA,https://www.imdb.com//title/tt0113568/
Once Were Warriors,"Crime, Drama",102,7.9,1994,R,https://www.imdb.com//title/tt0110729/
True Romance,"Crime, Drama, Romance",119,7.9,1993,R,https://www.imdb.com//title/tt0108399/
Three Colors: Blue,"Drama, Music, Mystery",94 ,7.9,1993,R,https://www.imdb.com//title/tt0108394/
The Nightmare Before Christmas,"Animation, Family, Fantasy",76 ,7.9,1993,PG,https://www.imdb.com//title/tt0107688/
Carlito's Way,"Crime, Drama, Thriller",144,7.9,1993,R,https://www.imdb.com//title/tt0106519/
"Blood In, Blood Out","Crime, Drama",180,7.9,1993,R,https://www.imdb.com//title/tt0106469/
Edward Scissorhands,"Drama, Fantasy, Romance",105,7.9,1990,PG-13,https://www.imdb.com//title/tt0099487/
My Left Foot,"Biography, Drama",103,7.9,1989,R,https://www.imdb.com//title/tt0097937/
Do the Right Thing,"Comedy, Drama",120,7.9,1989,R,https://www.imdb.com//title/tt0097216/
The Sacrifice,Drama,149,7.9,1986,PG,https://www.imdb.com//title/tt0091670/
Hannah and Her Sisters,"Comedy, Drama",107,7.9,1986,PG-13,https://www.imdb.com//title/tt0091167/
Brazil,"Drama, Sci-Fi",132,7.9,1985,R,https://www.imdb.com//title/tt0088846/
This Is Spinal Tap,"Comedy, Music",82 ,7.9,1984,R,https://www.imdb.com//title/tt0088258/
A Christmas Story,"Comedy, Family",93 ,7.9,1983,PG,https://www.imdb.com//title/tt0085334/
E.T. the Extra-Terrestrial,"Adventure, Family, Sci-Fi",115,7.9,1982,PG,https://www.imdb.com//title/tt0083866/
Kagemusha,"Drama, History, War",162,7.9,1980,PG,https://www.imdb.com//title/tt0080979/
The Blues Brothers,"Action, Adventure, Comedy",133,7.9,1980,R,https://www.imdb.com//title/tt0080455/
Manhattan,"Comedy, Drama, Romance",96 ,7.9,1979,R,https://www.imdb.com//title/tt0079522/
All the President's Men,"Drama, History, Thriller",138,7.9,1976,PG,https://www.imdb.com//title/tt0074119/
I Remember,"Comedy, Drama",123,7.9,1973,R,https://www.imdb.com//title/tt0071129/
Harold and Maude,"Comedy, Drama, Romance",91 ,7.9,1971,PG,https://www.imdb.com//title/tt0067185/
Patton,"Biography, Drama, War",172,7.9,1970,GP,https://www.imdb.com//title/tt0066206/
The Conformist,Drama,113,7.9,1970,R,https://www.imdb.com//title/tt0065571/
Le Cercle Rouge,"Crime, Drama, Thriller",140,7.9,1970,Not Rated,https://www.imdb.com//title/tt0065531/
The Wild Bunch,"Action, Adventure, Western",135,7.9,1969,R,https://www.imdb.com//title/tt0065214/
The Lion in Winter,"Biography, Drama, History",134,7.9,1968,PG,https://www.imdb.com//title/tt0063227/
In the Heat of the Night,"Drama, Mystery, Thriller",110,7.9,1967,Approved,https://www.imdb.com//title/tt0061811/
In Cold Blood,"Biography, Crime, Drama",134,7.9,1967,R,https://www.imdb.com//title/tt0061809/
Doctor Zhivago,"Drama, Romance, War",197,7.9,1965,PG-13,https://www.imdb.com//title/tt0059113/
A Fistful of Dollars,"Action, Drama, Western",99 ,7.9,1964,R,https://www.imdb.com//title/tt0058461/
Charade,"Comedy, Mystery, Romance",113,7.9,1963,Passed,https://www.imdb.com//title/tt0056923/
Vivre Sa Vie,Drama,85 ,7.9,1962,Not Rated,https://www.imdb.com//title/tt0056663/
The Manchurian Candidate,"Drama, Thriller",126,7.9,1962,PG-13,https://www.imdb.com//title/tt0056218/
Spartacus,"Adventure, Biography, Drama",197,7.9,1960,PG-13,https://www.imdb.com//title/tt0054331/
Hiroshima Mon Amour,"Drama, Romance",90 ,7.9,1959,Not Rated,https://www.imdb.com//title/tt0052893/
Cat on a Hot Tin Roof,Drama,108,7.9,1958,Not Rated,https://www.imdb.com//title/tt0051459/
Elevator to the Gallows,"Crime, Drama, Thriller",91 ,7.9,1958,Not Rated,https://www.imdb.com//title/tt0051378/
The Ten Commandments,"Adventure, Drama, Family",220,7.9,1956,G,https://www.imdb.com//title/tt0049833/
The Searchers,"Adventure, Drama, Western",119,7.9,1956,Passed,https://www.imdb.com//title/tt0049730/
The Big Heat,"Crime, Film-Noir, Thriller",89 ,7.9,1953,Passed,https://www.imdb.com//title/tt0045555/
A Streetcar Named Desire,Drama,122,7.9,1951,PG,https://www.imdb.com//title/tt0044081/
Strangers on a Train,"Crime, Drama, Film-Noir",101,7.9,1951,PG,https://www.imdb.com//title/tt0044079/
In a Lonely Place,"Drama, Film-Noir, Mystery",94 ,7.9,1950,Not Rated,https://www.imdb.com//title/tt0042593/
Harvey,"Comedy, Drama, Fantasy",104,7.9,1950,Approved,https://www.imdb.com//title/tt0042546/
Rope,"Crime, Drama, Mystery",80 ,7.9,1948,Approved,https://www.imdb.com//title/tt0040746/
Miracle on 34th Street,"Comedy, Drama, Family",96 ,7.9,1947,Not Rated,https://www.imdb.com//title/tt0039628/
Notorious,"Drama, Film-Noir, Romance",102,7.9,1946,Not Rated,https://www.imdb.com//title/tt0038787/
The Big Sleep,"Crime, Film-Noir, Mystery",114,7.9,1946,Passed,https://www.imdb.com//title/tt0038355/
Beauty and the Beast,"Drama, Fantasy, Romance",93 ,7.9,1946,Not Rated,https://www.imdb.com//title/tt0038348/
Mildred Pierce,"Crime, Drama, Film-Noir",111,7.9,1945,Approved,https://www.imdb.com//title/tt0037913/
The Lost Weekend,"Drama, Film-Noir",101,7.9,1945,Passed,https://www.imdb.com//title/tt0037884/
Laura,"Drama, Film-Noir, Mystery",88 ,7.9,1944,Passed,https://www.imdb.com//title/tt0037008/
Arsenic and Old Lace,"Comedy, Crime, Thriller",118,7.9,1944,Not Rated,https://www.imdb.com//title/tt0036613/
Sullivan's Travels,"Adventure, Comedy, Drama",90 ,7.9,1941,Passed,https://www.imdb.com//title/tt0034240/
The Philadelphia Story,"Comedy, Romance",112,7.9,1940,Not Rated,https://www.imdb.com//title/tt0032904/
The Rules of the Game,"Comedy, Drama",110,7.9,1939,Not Rated,https://www.imdb.com//title/tt0031885/
The Adventures of Robin Hood,"Action, Adventure, Romance",102,7.9,1938,PG,https://www.imdb.com//title/tt0029843/
The Thin Man,"Comedy, Crime, Mystery",91 ,7.9,1934,TV-PG,https://www.imdb.com//title/tt0025878/
King Kong,"Adventure, Horror, Sci-Fi",100,7.9,1933,Passed,https://www.imdb.com//title/tt0024216/
Battleship Potemkin,"Drama, History, Thriller",66 ,7.9,1925,Not Rated,https://www.imdb.com//title/tt0015648/
Nosferatu,"Fantasy, Horror",94 ,7.9,1922,Not Rated,https://www.imdb.com//title/tt0013442/
The Gentlemen,"Action, Comedy, Crime",113,7.8,2019,R,https://www.imdb.com//title/tt8367814/
Hindi Medium,"Comedy, Drama",132,7.8,2017,Not Rated,https://www.imdb.com//title/tt5764096/
Call Me by Your Name,"Drama, Romance",132,7.8,2017,R,https://www.imdb.com//title/tt5726616/
"I, Daniel Blake",Drama,100,7.8,2016,R,https://www.imdb.com//title/tt5168192/
Isle of Dogs,"Animation, Adventure, Comedy",101,7.8,2018,PG-13,https://www.imdb.com//title/tt5104604/
Dunkirk,"Action, Drama, History",106,7.8,2017,PG-13,https://www.imdb.com//title/tt5013056/
Hidden Figures,"Biography, Drama, History",127,7.8,2016,PG,https://www.imdb.com//title/tt4846340/
Hunt for the Wilderpeople,"Adventure, Comedy, Drama",101,7.8,2016,PG-13,https://www.imdb.com//title/tt4698684/
Paddington 2,"Adventure, Comedy, Family",103,7.8,2017,PG,https://www.imdb.com//title/tt4468740/
Manchester by the Sea,Drama,137,7.8,2016,R,https://www.imdb.com//title/tt4034228/
Land of Mine,"Drama, History, War",100,7.8,2015,R,https://www.imdb.com//title/tt3841424/
Rogue One: A Star Wars Story,"Action, Adventure, Sci-Fi",133,7.8,2016,PG-13,https://www.imdb.com//title/tt3748528/
Captain Fantastic,"Comedy, Drama",118,7.8,2016,R,https://www.imdb.com//title/tt3553976/
Captain America: Civil War,"Action, Adventure, Sci-Fi",147,7.8,2016,PG-13,https://www.imdb.com//title/tt3498820/
The Hateful Eight,"Crime, Drama, Mystery",168,7.8,2015,R,https://www.imdb.com//title/tt3460252/
Little Women,"Drama, Romance",135,7.8,2019,PG,https://www.imdb.com//title/tt3281548/
Loving Vincent,"Animation, Biography, Crime",94 ,7.8,2017,PG-13,https://www.imdb.com//title/tt3262342/
Pride,"Biography, Comedy, Drama",119,7.8,I) (,R,https://www.imdb.com//title/tt3169706/
Nightcrawler,"Crime, Drama, Thriller",117,7.8,2014,R,https://www.imdb.com//title/tt2872718/
Star Wars: Episode VII - The Force Awakens,"Action, Adventure, Sci-Fi",138,7.8,2015,PG-13,https://www.imdb.com//title/tt2488496/
The Lunchbox,"Drama, Romance",104,7.8,2013,PG,https://www.imdb.com//title/tt2350496/
"Like Father, Like Son",Drama,121,7.8,2013,Not Rated,https://www.imdb.com//title/tt2331143/
Vicky Donor,"Comedy, Romance",126,7.8,2012,Not Rated,https://www.imdb.com//title/tt2317337/
Big Hero 6,"Animation, Action, Adventure",102,7.8,2014,PG,https://www.imdb.com//title/tt2245084/
About Time,"Comedy, Drama, Fantasy",123,7.8,I) (,R,https://www.imdb.com//title/tt2194499/
English Vinglish,"Comedy, Drama, Family",134,7.8,2012,Not Rated,https://www.imdb.com//title/tt2181931/
The Best Offer,"Crime, Drama, Mystery",131,7.8,2013,R,https://www.imdb.com//title/tt1924396/
The Batman,"Action, Crime, Drama",176,7.8,2022,PG-13,https://www.imdb.com//title/tt1877830/
Captain America: The Winter Soldier,"Action, Adventure, Sci-Fi",136,7.8,2014,PG-13,https://www.imdb.com//title/tt1843866/
Once Upon a Time in Anatolia,"Crime, Drama, Thriller",157,7.8,2011,Not Rated,https://www.imdb.com//title/tt1827487/
Moonrise Kingdom,"Comedy, Drama, Romance",94 ,7.8,2012,PG-13,https://www.imdb.com//title/tt1748122/
How to Train Your Dragon 2,"Animation, Action, Adventure",102,7.8,2014,PG,https://www.imdb.com//title/tt1646971/
The Big Short,"Biography, Comedy, Drama",130,7.8,2015,R,https://www.imdb.com//title/tt1596363/
I Saw the Devil,"Action, Crime, Drama",144,7.8,2010,Not Rated,https://www.imdb.com//title/tt1588170/
The Girl with the Dragon Tattoo,"Crime, Drama, Mystery",158,7.8,2011,R,https://www.imdb.com//title/tt1568346/
Captain Phillips,"Action, Biography, Crime",134,7.8,2013,PG-13,https://www.imdb.com//title/tt1535109/
Guillermo del Toro's Pinocchio,"Animation, Drama, Family",117,7.8,2022,PG,https://www.imdb.com//title/tt1488589/
Straight Outta Compton,"Biography, Drama, History",147,7.8,2015,R,https://www.imdb.com//title/tt1398426/
The Irishman,"Biography, Crime, Drama",209,7.8,2019,R,https://www.imdb.com//title/tt1302006/
The Social Network,"Biography, Drama",120,7.8,2010,PG-13,https://www.imdb.com//title/tt1285016/
A Prophet,"Crime, Drama",155,7.8,2009,R,https://www.imdb.com//title/tt1235166/
Thirteen Lives,"Action, Adventure, Biography",147,7.8,2022,PG-13,https://www.imdb.com//title/tt12262116/
Mother,"Crime, Drama, Mystery",129,7.8,2009,R,https://www.imdb.com//title/tt1216496/
The Chaser,"Action, Crime, Drama",125,7.8,2008,Not Rated,https://www.imdb.com//title/tt1190539/
Moon,"Drama, Mystery, Sci-Fi",97 ,7.8,2009,R,https://www.imdb.com//title/tt1182345/
The Hobbit: The Desolation of Smaug,"Adventure, Fantasy",161,7.8,2013,PG-13,https://www.imdb.com//title/tt1170358/
The White Ribbon,"Drama, Mystery, Thriller",144,7.8,2009,R,https://www.imdb.com//title/tt1149362/
The Girl with the Dragon Tattoo,"Crime, Drama, Mystery",152,7.8,2009,R,https://www.imdb.com//title/tt1132620/
Skyfall,"Action, Adventure, Thriller",143,7.8,2012,PG-13,https://www.imdb.com//title/tt1074638/
The Worst Person in the World,"Comedy, Drama, Romance",128,7.8,2021,R,https://www.imdb.com//title/tt10370710/
All Quiet on the Western Front,"Action, Drama, War",148,7.8,2022,R,https://www.imdb.com//title/tt1016150/
The Fighter,"Action, Biography, Drama",116,7.8,I) (,R,https://www.imdb.com//title/tt0964517/
Taken,"Action, Crime, Thriller",90 ,7.8,I) (,PG-13,https://www.imdb.com//title/tt0936501/
Once,"Drama, Music, Romance",86 ,7.8,I) (,R,https://www.imdb.com//title/tt0907657/
The Hobbit: An Unexpected Journey,"Adventure, Fantasy",169,7.8,2012,PG-13,https://www.imdb.com//title/tt0903624/
Changeling,"Biography, Crime, Drama",141,7.8,2008,R,https://www.imdb.com//title/tt0824747/
Atonement,"Drama, Mystery, Romance",123,7.8,2007,R,https://www.imdb.com//title/tt0783233/
Drive,"Action, Drama",100,7.8,I) (,R,https://www.imdb.com//title/tt0780504/
American Gangster,"Biography, Crime, Drama",157,7.8,2007,R,https://www.imdb.com//title/tt0765429/
Avatar,"Action, Adventure, Fantasy",162,7.8,2009,PG-13,https://www.imdb.com//title/tt0499549/
Mr. Nobody,"Drama, Fantasy, Romance",141,7.8,2009,R,https://www.imdb.com//title/tt0485947/
Apocalypto,"Action, Adventure, Drama",139,7.8,2006,R,https://www.imdb.com//title/tt0472043/
The Fall,"Adventure, Drama, Fantasy",117,7.8,I) (,R,https://www.imdb.com//title/tt0460791/
Little Miss Sunshine,"Comedy, Drama",101,7.8,2006,R,https://www.imdb.com//title/tt0449059/
Hot Fuzz,"Action, Comedy, Mystery",121,7.8,2007,R,https://www.imdb.com//title/tt0425112/
The Curious Case of Benjamin Button,"Drama, Fantasy, Romance",166,7.8,2008,PG-13,https://www.imdb.com//title/tt0421715/
Veer-Zaara,"Drama, Family, Musical",192,7.8,2004,Not Rated,https://www.imdb.com//title/tt0420332/
Pride & Prejudice,"Drama, Romance",129,7.8,2005,PG,https://www.imdb.com//title/tt0414387/
The World's Fastest Indian,"Biography, Drama, Sport",127,7.8,2005,PG-13,https://www.imdb.com//title/tt0412080/
Tokyo Godfathers,"Animation, Adventure, Comedy",92 ,7.8,2003,PG-13,https://www.imdb.com//title/tt0388473/
Serenity,"Action, Adventure, Sci-Fi",119,7.8,2005,PG-13,https://www.imdb.com//title/tt0379786/
Crash,"Crime, Drama, Thriller",112,7.8,I) (,R,https://www.imdb.com//title/tt0375679/
The Chorus,"Comedy, Drama, Music",97 ,7.8,2004,PG-13,https://www.imdb.com//title/tt0372824/
Walk the Line,"Biography, Drama, Music",136,7.8,2005,PG-13,https://www.imdb.com//title/tt0358273/
The Notebook,"Drama, Romance",123,7.8,2004,PG-13,https://www.imdb.com//title/tt0332280/
The Last Samurai,"Action, Drama",154,7.8,2003,R,https://www.imdb.com//title/tt0325710/
The Motorcycle Diaries,"Adventure, Biography, Drama",126,7.8,2004,R,https://www.imdb.com//title/tt0318462/
Lilya 4-Ever,"Crime, Drama",109,7.8,2002,R,https://www.imdb.com//title/tt0300140/
Millennium Actress,"Animation, Drama, Fantasy",87 ,7.8,2001,PG,https://www.imdb.com//title/tt0291350/
Cowboy Bebop: The Movie,"Animation, Action, Crime",115,7.8,2001,TV-14,https://www.imdb.com//title/tt0275277/
Joint Security Area,"Action, Drama, Thriller",110,7.8,2000,Not Rated,https://www.imdb.com//title/tt0260991/
Remember the Titans,"Biography, Drama, Sport",113,7.8,2000,PG,https://www.imdb.com//title/tt0210945/
All About My Mother,Drama,101,7.8,1999,R,https://www.imdb.com//title/tt0185125/
Cast Away,"Adventure, Drama, Romance",143,7.8,2000,PG-13,https://www.imdb.com//title/tt0162222/
The Insider,"Biography, Drama, Thriller",157,7.8,1999,R,https://www.imdb.com//title/tt0140352/
October Sky,"Biography, Drama, Family",108,7.8,1999,PG,https://www.imdb.com//title/tt0132477/
Being John Malkovich,"Comedy, Drama, Fantasy",113,7.8,1999,R,https://www.imdb.com//title/tt0120601/
Gattaca,"Drama, Sci-Fi, Thriller",106,7.8,1997,PG-13,https://www.imdb.com//title/tt0119177/
Hamlet,Drama,242,7.8,1996,PG-13,https://www.imdb.com//title/tt0116477/
Breaking the Waves,Drama,159,7.8,1996,R,https://www.imdb.com//title/tt0115751/
The Postman,"Biography, Comedy, Drama",108,7.8,1994,PG,https://www.imdb.com//title/tt0110877/
Ed Wood,"Biography, Comedy, Drama",127,7.8,1994,R,https://www.imdb.com//title/tt0109707/
Tombstone,"Biography, Drama, History",130,7.8,1993,R,https://www.imdb.com//title/tt0108358/
The Sandlot,"Comedy, Drama, Family",101,7.8,1993,PG,https://www.imdb.com//title/tt0108037/
The Remains of the Day,"Drama, Romance",134,7.8,1993,PG,https://www.imdb.com//title/tt0107943/
Ninja Scroll,"Animation, Action, Adventure",94 ,7.8,1993,Not Rated,https://www.imdb.com//title/tt0107692/
The Fugitive,"Action, Crime, Drama",130,7.8,1993,PG-13,https://www.imdb.com//title/tt0106977/
A Bronx Tale,"Crime, Drama",121,7.8,1993,R,https://www.imdb.com//title/tt0106489/
Batman: Mask of the Phantasm,"Animation, Action, Adventure",76 ,7.8,1993,PG,https://www.imdb.com//title/tt0106364/
Boyz n the Hood,"Crime, Drama",112,7.8,1991,R,https://www.imdb.com//title/tt0101507/
Misery,"Drama, Thriller",107,7.8,1990,R,https://www.imdb.com//title/tt0100157/
Awakenings,"Biography, Drama",121,7.8,1990,PG-13,https://www.imdb.com//title/tt0099077/
Kiki's Delivery Service,"Animation, Adventure, Family",103,7.8,1989,G,https://www.imdb.com//title/tt0097814/
Glory,"Biography, Drama, History",122,7.8,1989,R,https://www.imdb.com//title/tt0097441/
The Killer,"Action, Crime, Drama",111,7.8,1989,R,https://www.imdb.com//title/tt0097202/
Crimes and Misdemeanors,"Comedy, Drama",104,7.8,1989,PG-13,https://www.imdb.com//title/tt0097123/
Back to the Future Part II,"Adventure, Comedy, Sci-Fi",108,7.8,1989,PG,https://www.imdb.com//title/tt0096874/
Mississippi Burning,"Crime, Drama, Mystery",128,7.8,1988,R,https://www.imdb.com//title/tt0095647/
The Untouchables,"Crime, Drama, Thriller",119,7.8,1987,R,https://www.imdb.com//title/tt0094226/
Predator,"Action, Adventure, Horror",107,7.8,1987,R,https://www.imdb.com//title/tt0093773/
Ferris Bueller's Day Off,Comedy,103,7.8,1986,PG-13,https://www.imdb.com//title/tt0091042/
The Breakfast Club,"Comedy, Drama",97 ,7.8,1985,R,https://www.imdb.com//title/tt0088847/
The Killing Fields,"Biography, Drama, History",141,7.8,1984,R,https://www.imdb.com//title/tt0087553/
Ghostbusters,"Action, Comedy, Fantasy",105,7.8,1984,PG,https://www.imdb.com//title/tt0087332/
The Right Stuff,"Adventure, Biography, Drama",193,7.8,1983,PG,https://www.imdb.com//title/tt0086197/
The King of Comedy,"Comedy, Crime, Drama",109,7.8,1982,PG,https://www.imdb.com//title/tt0085794/
Kramer vs. Kramer,Drama,105,7.8,1979,PG,https://www.imdb.com//title/tt0079417/
All That Jazz,"Drama, Music, Musical",123,7.8,1979,R,https://www.imdb.com//title/tt0078754/
Days of Heaven,"Drama, Romance",94 ,7.8,1978,PG,https://www.imdb.com//title/tt0077405/
Dawn of the Dead,"Horror, Thriller",127,7.8,1978,Unrated,https://www.imdb.com//title/tt0077402/
The Outlaw Josey Wales,Western,135,7.8,1976,PG,https://www.imdb.com//title/tt0075029/
The Man Who Would Be King,"Adventure, War",129,7.8,1975,PG,https://www.imdb.com//title/tt0073341/
The Holy Mountain,"Adventure, Drama, Fantasy",114,7.8,1973,R,https://www.imdb.com//title/tt0071615/
The Conversation,"Drama, Mystery, Thriller",113,7.8,1974,PG,https://www.imdb.com//title/tt0071360/
The Day of the Jackal,"Crime, Drama, Thriller",143,7.8,1973,PG,https://www.imdb.com//title/tt0069947/
The Discreet Charm of the Bourgeoisie,Comedy,102,7.8,1972,PG,https://www.imdb.com//title/tt0068361/
Cabaret,"Drama, Music, Musical",124,7.8,1972,PG,https://www.imdb.com//title/tt0068327/
"Aguirre, the Wrath of God","Action, Adventure, Biography",95 ,7.8,1972,Not Rated,https://www.imdb.com//title/tt0068182/
Willy Wonka & the Chocolate Factory,"Family, Fantasy, Musical",100,7.8,1971,G,https://www.imdb.com//title/tt0067992/
Midnight Cowboy,Drama,113,7.8,1969,R,https://www.imdb.com//title/tt0064665/
Night of the Living Dead,"Horror, Thriller",96 ,7.8,1968,Not Rated,https://www.imdb.com//title/tt0063350/
Guess Who's Coming to Dinner,"Comedy, Drama",108,7.8,1967,Approved,https://www.imdb.com//title/tt0061735/
The Umbrellas of Cherbourg,"Drama, Musical, Romance",91 ,7.8,1964,Not Rated,https://www.imdb.com//title/tt0058450/
My Fair Lady,"Drama, Family, Musical",170,7.8,1964,G,https://www.imdb.com//title/tt0058385/
Mary Poppins,"Comedy, Family, Fantasy",139,7.8,1964,G,https://www.imdb.com//title/tt0058331/
The Innocents,Horror,100,7.8,1961,Not Rated,https://www.imdb.com//title/tt0055018/
L'Avventura,"Drama, Mystery, Romance",144,7.8,1960,Not Rated,https://www.imdb.com//title/tt0053619/
East of Eden,Drama,118,7.8,1955,PG,https://www.imdb.com//title/tt0048028/
The Day the Earth Stood Still,"Drama, Sci-Fi",92 ,7.8,1951,G,https://www.imdb.com//title/tt0043456/
The Asphalt Jungle,"Crime, Drama, Film-Noir",112,7.8,1950,Passed,https://www.imdb.com//title/tt0042208/
Red River,"Drama, Western",133,7.8,1948,Passed,https://www.imdb.com//title/tt0040724/
To Have and Have Not,"Adventure, Comedy, Film-Noir",100,7.8,1944,Passed,https://www.imdb.com//title/tt0037382/
Gaslight,"Crime, Drama, Mystery",114,7.8,1944,Passed,https://www.imdb.com//title/tt0036855/
Shadow of a Doubt,"Film-Noir, Thriller",108,7.8,1943,Passed,https://www.imdb.com//title/tt0036342/
His Girl Friday,"Comedy, Drama, Romance",92 ,7.8,1940,Passed,https://www.imdb.com//title/tt0032599/
Stagecoach,"Adventure, Drama, Western",96 ,7.8,1939,Passed,https://www.imdb.com//title/tt0031971/
You Can't Take It with You,"Comedy, Drama, Romance",126,7.8,1938,Passed,https://www.imdb.com//title/tt0030993/
The Lady Vanishes,"Mystery, Thriller",96 ,7.8,1938,Not Rated,https://www.imdb.com//title/tt0030341/
Bringing Up Baby,Comedy,102,7.8,1938,Passed,https://www.imdb.com//title/tt0029947/
A Night at the Opera,"Comedy, Music, Musical",96 ,7.8,1935,Passed,https://www.imdb.com//title/tt0026778/
The Bride of Frankenstein,"Drama, Horror, Sci-Fi",75 ,7.8,1935,Not Rated,https://www.imdb.com//title/tt0026138/
Duck Soup,"Comedy, Musical",69 ,7.8,1933,Not Rated,https://www.imdb.com//title/tt0023969/
Freaks,"Drama, Horror",64 ,7.8,1932,Not Rated,https://www.imdb.com//title/tt0022913/
Frankenstein,"Drama, Horror, Sci-Fi",70 ,7.8,1931,Passed,https://www.imdb.com//title/tt0021884/
Roma,Drama,135,7.7,2018,R,https://www.imdb.com//title/tt6155172/
Deadpool 2,"Action, Adventure, Comedy",119,7.7,2018,R,https://www.imdb.com//title/tt5463162/
Sound of Metal,"Drama, Music",120,7.7,2019,R,https://www.imdb.com//title/tt5363618/
Wind River,"Crime, Drama, Mystery",107,7.7,2017,R,https://www.imdb.com//title/tt5362988/
The Salesman,"Drama, Thriller",124,7.7,2016,PG-13,https://www.imdb.com//title/tt5186714/
Get Out,"Horror, Mystery, Thriller",104,7.7,I) (,R,https://www.imdb.com//title/tt5052448/
Mission: Impossible - Fallout,"Action, Adventure, Thriller",147,7.7,2018,PG-13,https://www.imdb.com//title/tt4912910/
Perfect Strangers,"Comedy, Drama",96 ,7.7,2016,NA,https://www.imdb.com//title/tt4901306/
Kubo and the Two Strings,"Animation, Action, Adventure",101,7.7,2016,PG,https://www.imdb.com//title/tt4302938/
A Man Called Ove,"Comedy, Drama, Romance",116,7.7,2015,PG-13,https://www.imdb.com//title/tt4080728/
The Breadwinner,"Animation, Drama, Family",94 ,7.7,2017,PG-13,https://www.imdb.com//title/tt3901826/
When Marnie Was There,"Animation, Drama, Family",103,7.7,2014,PG,https://www.imdb.com//title/tt3398268/
The Theory of Everything,"Biography, Drama, Romance",123,7.7,2014,PG-13,https://www.imdb.com//title/tt2980516/
Kingsman: The Secret Service,"Action, Adventure, Comedy",129,7.7,2014,R,https://www.imdb.com//title/tt2802144/
The Fault in Our Stars,"Drama, Romance",126,7.7,2014,PG-13,https://www.imdb.com//title/tt2582846/
Me and Earl and the Dying Girl,"Comedy, Drama, Romance",105,7.7,2015,PG-13,https://www.imdb.com//title/tt2582496/
Birdman or (The Unexpected Virtue of Ignorance),"Comedy, Drama",119,7.7,2014,R,https://www.imdb.com//title/tt2562232/
The Past,"Drama, Mystery",130,7.7,2013,PG-13,https://www.imdb.com//title/tt2404461/
The Great Beauty,Drama,141,7.7,2013,Not Rated,https://www.imdb.com//title/tt2358891/
My Life as a Zucchini,"Animation, Comedy, Drama",70 ,7.7,2016,PG-13,https://www.imdb.com//title/tt2321405/
Blue Is the Warmest Colour,"Drama, Romance",180,7.7,2013,NC-17,https://www.imdb.com//title/tt2278871/
The Broken Circle Breakdown,"Drama, Music, Romance",111,7.7,2012,Not Rated,https://www.imdb.com//title/tt2024519/
The Wind Rises,"Animation, Biography, Drama",126,7.7,2013,PG-13,https://www.imdb.com//title/tt2013293/
Toy Story 4,"Animation, Adventure, Comedy",100,7.7,2019,G,https://www.imdb.com//title/tt1979376/
Nebraska,"Adventure, Comedy, Drama",115,7.7,2013,R,https://www.imdb.com//title/tt1821549/
Wreck-It Ralph,"Animation, Adventure, Comedy",101,7.7,2012,PG,https://www.imdb.com//title/tt1772341/
The Little Prince,"Animation, Adventure, Drama",108,7.7,2015,PG,https://www.imdb.com//title/tt1754656/
Detachment,Drama,98 ,7.7,2011,Not Rated,https://www.imdb.com//title/tt1683526/
Midnight in Paris,"Comedy, Fantasy, Romance",94 ,7.7,2011,PG-13,https://www.imdb.com//title/tt1605783/
Confessions,"Drama, Thriller",106,7.7,2010,Not Rated,https://www.imdb.com//title/tt1590089/
The Man from Nowhere,"Action, Crime, Drama",119,7.7,2010,R,https://www.imdb.com//title/tt1527788/
The Lego Movie,"Animation, Action, Adventure",100,7.7,2014,PG,https://www.imdb.com//title/tt1490017/
Gravity,"Drama, Sci-Fi, Thriller",91 ,7.7,2013,PG-13,https://www.imdb.com//title/tt1454468/
Star Trek Into Darkness,"Action, Adventure, Sci-Fi",132,7.7,2013,PG-13,https://www.imdb.com//title/tt1408101/
Beasts of No Nation,"Drama, War",137,7.7,2015,TV-MA,https://www.imdb.com//title/tt1365050/
X: First Class,"Action, Adventure, Sci-Fi",131,7.7,2011,PG-13,https://www.imdb.com//title/tt1270798/
The Hangover,Comedy,100,7.7,2009,R,https://www.imdb.com//title/tt1119646/
The Trial of the Chicago 7,"Drama, History, Thriller",129,7.7,2020,R,https://www.imdb.com//title/tt1070874/
Silver Linings Playbook,"Comedy, Drama, Romance",122,7.7,2012,R,https://www.imdb.com//title/tt1045658/
Another Round,"Comedy, Drama",117,7.7,2020,Not Rated,https://www.imdb.com//title/tt10288566/
Argo,"Biography, Drama, Thriller",120,7.7,2012,R,https://www.imdb.com//title/tt1024648/
500 Days of Summer,"Comedy, Drama, Romance",95 ,7.7,2009,PG-13,https://www.imdb.com//title/tt1022603/
Harry Potter and the Deathly Hallows: Part 1,"Adventure, Family, Fantasy",146,7.7,2010,PG-13,https://www.imdb.com//title/tt0926084/
The Boy in the Striped Pajamas,"Drama, War",94 ,7.7,2008,PG-13,https://www.imdb.com//title/tt0914798/
The Edge of Heaven,Drama,122,7.7,2007,Not Rated,https://www.imdb.com//title/tt0880502/
Frost/Nixon,"Biography, Drama, History",122,7.7,2008,R,https://www.imdb.com//title/tt0870111/
Paprika,"Animation, Drama, Fantasy",90 ,7.7,2006,R,https://www.imdb.com//title/tt0851578/
Flipped,"Comedy, Drama, Romance",90 ,7.7,I) (,PG,https://www.imdb.com//title/tt0817177/
The Girl Who Leapt Through Time,"Animation, Adventure, Comedy",98 ,7.7,2006,TV-PG,https://www.imdb.com//title/tt0808506/
This Is England,"Crime, Drama",101,7.7,2006,Not Rated,https://www.imdb.com//title/tt0480025/
Ex Machina,"Drama, Sci-Fi, Thriller",108,7.7,2014,R,https://www.imdb.com//title/tt0470752/
After the Wedding,Drama,120,7.7,2006,R,https://www.imdb.com//title/tt0457655/
Zodiac,"Crime, Drama, Mystery",157,7.7,2007,R,https://www.imdb.com//title/tt0443706/
Lucky Number Slevin,"Crime, Drama, Thriller",110,7.7,2006,R,https://www.imdb.com//title/tt0425210/
Joyeux Noel,"Drama, History, Music",116,7.7,2005,PG-13,https://www.imdb.com//title/tt0424205/
Adam's Apples,"Comedy, Crime, Drama",94 ,7.7,2005,R,https://www.imdb.com//title/tt0418455/
Tangled,"Animation, Adventure, Comedy",100,7.7,2010,PG,https://www.imdb.com//title/tt0398286/
Black Book,"Drama, Thriller, War",145,7.7,2006,R,https://www.imdb.com//title/tt0389557/
Brokeback Mountain,"Drama, Romance",134,7.7,2005,R,https://www.imdb.com//title/tt0388795/
3:10 to Yuma,"Action, Crime, Drama",122,7.7,2007,R,https://www.imdb.com//title/tt0381849/
Kung Fu Hustle,"Action, Comedy, Fantasy",99 ,7.7,2004,R,https://www.imdb.com//title/tt0373074/
The Bourne Supremacy,"Action, Mystery, Thriller",108,7.7,2004,PG-13,https://www.imdb.com//title/tt0372183/
The Machinist,"Drama, Thriller",101,7.7,2004,R,https://www.imdb.com//title/tt0361862/
Ray,"Biography, Drama, Music",152,7.7,I) (,PG-13,https://www.imdb.com//title/tt0350258/
Evil,Drama,113,7.7,2003,Not Rated,https://www.imdb.com//title/tt0338309/
Lost in Translation,"Comedy, Drama",102,7.7,2003,R,https://www.imdb.com//title/tt0335266/
Harry Potter and the Goblet of Fire,"Adventure, Family, Fantasy",157,7.7,2005,PG-13,https://www.imdb.com//title/tt0330373/
Man on Fire,"Action, Crime, Drama",146,7.7,2004,R,https://www.imdb.com//title/tt0328107/
Coraline,"Animation, Drama, Family",100,7.7,2009,PG,https://www.imdb.com//title/tt0327597/
The Magdalene Sisters,Drama,114,7.7,2002,R,https://www.imdb.com//title/tt0318411/
Finding Neverland,"Biography, Drama, Family",106,7.7,2004,PG,https://www.imdb.com//title/tt0308644/
Good Bye Lenin!,"Comedy, Drama, Romance",121,7.7,2003,R,https://www.imdb.com//title/tt0301357/
In America,Drama,105,7.7,2002,PG-13,https://www.imdb.com//title/tt0298845/
The Triplets of Belleville,"Animation, Adventure, Comedy",80 ,7.7,2003,PG-13,https://www.imdb.com//title/tt0286244/
Adaptation.,"Comedy, Drama",115,7.7,2002,R,https://www.imdb.com//title/tt0268126/
Black Hawk Down,"Action, Drama, History",144,7.7,2001,R,https://www.imdb.com//title/tt0265086/
Road to Perdition,"Crime, Drama, Thriller",117,7.7,2002,R,https://www.imdb.com//title/tt0257044/
The Experiment,"Drama, Thriller",120,7.7,2001,R,https://www.imdb.com//title/tt0250258/
Billy Elliot,"Drama, Music",110,7.7,2000,R,https://www.imdb.com//title/tt0249462/
Hedwig and the Angry Inch,"Comedy, Drama, Music",95 ,7.7,2001,R,https://www.imdb.com//title/tt0248845/
The Count of Monte Cristo,"Action, Adventure, Drama",131,7.7,2002,PG-13,https://www.imdb.com//title/tt0245844/
Y tu mamá también,Drama,106,7.7,2001,R,https://www.imdb.com//title/tt0245574/
Waking Life,"Animation, Drama, Fantasy",99 ,7.7,2001,R,https://www.imdb.com//title/tt0243017/
Ocean's Eleven,"Crime, Thriller",116,7.7,2001,PG-13,https://www.imdb.com//title/tt0240772/
"O Brother, Where Art Thou?","Adventure, Comedy, Crime",107,7.7,2000,PG-13,https://www.imdb.com//title/tt0190590/
"South Park: Bigger, Longer & Uncut","Animation, Comedy, Fantasy",81 ,7.7,1999,R,https://www.imdb.com//title/tt0158983/
Office Space,Comedy,89 ,7.7,1999,R,https://www.imdb.com//title/tt0151804/
Happiness,"Comedy, Drama",134,7.7,1998,NC-17,https://www.imdb.com//title/tt0147612/
The Boondock Saints,"Action, Thriller",108,7.7,1999,R,https://www.imdb.com//title/tt0144117/
Training Day,"Action, Crime, Drama",122,7.7,2001,R,https://www.imdb.com//title/tt0139654/
Run Lola Run,"Action, Crime, Thriller",80 ,7.7,1998,R,https://www.imdb.com//title/tt0130827/
Open Your Eyes,"Drama, Mystery, Sci-Fi",119,7.7,1997,R,https://www.imdb.com//title/tt0125659/
Taste of Cherry,Drama,95 ,7.7,1997,Not Rated,https://www.imdb.com//title/tt0120265/
As Good as It Gets,"Comedy, Drama, Romance",139,7.7,1997,PG-13,https://www.imdb.com//title/tt0119822/
Fireworks,"Crime, Drama, Romance",103,7.7,1997,NA,https://www.imdb.com//title/tt0119250/
The Game,"Drama, Mystery, Thriller",129,7.7,1997,R,https://www.imdb.com//title/tt0119174/
Donnie Brasco,"Biography, Crime, Drama",127,7.7,1997,R,https://www.imdb.com//title/tt0119008/
Happy Together,"Drama, Romance",96 ,7.7,1997,Not Rated,https://www.imdb.com//title/tt0118845/
Primal Fear,"Crime, Drama, Mystery",129,7.7,1996,R,https://www.imdb.com//title/tt0117381/
Sense and Sensibility,"Drama, Romance",136,7.7,1995,PG,https://www.imdb.com//title/tt0114388/
Apollo 13,"Adventure, Drama, History",140,7.7,I) (,PG,https://www.imdb.com//title/tt0112384/
Clerks,Comedy,92 ,7.7,1994,R,https://www.imdb.com//title/tt0109445/
What's Eating Gilbert Grape,Drama,118,7.7,1993,PG-13,https://www.imdb.com//title/tt0108550/
Short Cuts,"Comedy, Drama",188,7.7,1993,R,https://www.imdb.com//title/tt0108122/
Philadelphia,Drama,125,7.7,1993,PG-13,https://www.imdb.com//title/tt0107818/
Naked,"Comedy, Drama",131,7.7,1993,Not Rated,https://www.imdb.com//title/tt0107653/
The Muppet Christmas Carol,"Comedy, Drama, Family",85 ,7.7,1992,G,https://www.imdb.com//title/tt0104940/
Malcolm X,"Biography, Drama, History",202,7.7,1992,PG-13,https://www.imdb.com//title/tt0104797/
The Last of the Mohicans,"Action, Adventure, Drama",112,7.7,1992,R,https://www.imdb.com//title/tt0104691/
Hard Boiled,"Action, Crime, Thriller",128,7.7,1992,R,https://www.imdb.com//title/tt0104684/
Porco Rosso,"Animation, Adventure, Comedy",94 ,7.7,1992,PG,https://www.imdb.com//title/tt0104652/
Glengarry Glen Ross,"Crime, Drama, Mystery",100,7.7,1992,R,https://www.imdb.com//title/tt0104348/
A Few Good Men,"Drama, Thriller",138,7.7,1992,R,https://www.imdb.com//title/tt0104257/
Night on Earth,"Comedy, Drama",129,7.7,1991,R,https://www.imdb.com//title/tt0102536/
Fried Green Tomatoes,Drama,130,7.7,1991,PG-13,https://www.imdb.com//title/tt0101921/
The Double Life of Véronique,"Drama, Fantasy, Music",98 ,7.7,1991,R,https://www.imdb.com//title/tt0101765/
Dreams,"Drama, Fantasy",119,7.7,1990,PG,https://www.imdb.com//title/tt0100998/
Miller's Crossing,"Crime, Drama, Thriller",115,7.7,1990,R,https://www.imdb.com//title/tt0100150/
Home Alone,"Comedy, Family",103,7.7,1990,PG,https://www.imdb.com//title/tt0099785/
When Harry Met Sally...,"Comedy, Drama, Romance",95 ,7.7,1989,R,https://www.imdb.com//title/tt0098635/
Who Framed Roger Rabbit,"Animation, Adventure, Comedy",104,7.7,1988,PG,https://www.imdb.com//title/tt0096438/
The Vanishing,"Mystery, Thriller",107,7.7,1988,Not Rated,https://www.imdb.com//title/tt0096163/
The Last Emperor,"Biography, Drama, History",163,7.7,1987,PG-13,https://www.imdb.com//title/tt0093389/
Evil Dead II,"Comedy, Horror",84 ,7.7,1987,R,https://www.imdb.com//title/tt0092991/
Empire of the Sun,"Drama, War",153,7.7,1987,PG,https://www.imdb.com//title/tt0092965/
The Name of the Rose,"Drama, Mystery, Thriller",130,7.7,1986,R,https://www.imdb.com//title/tt0091605/
Down by Law,"Comedy, Crime, Drama",107,7.7,1986,R,https://www.imdb.com//title/tt0090967/
Blue Velvet,"Crime, Drama, Mystery",120,7.7,1986,R,https://www.imdb.com//title/tt0090756/
The Purple Rose of Cairo,"Comedy, Fantasy, Romance",82 ,7.7,1985,PG,https://www.imdb.com//title/tt0089853/
The Goonies,"Adventure, Comedy, Family",114,7.7,1985,PG,https://www.imdb.com//title/tt0089218/
The Color Purple,Drama,154,7.7,1985,PG-13,https://www.imdb.com//title/tt0088939/
Zelig,Comedy,79 ,7.7,1983,PG,https://www.imdb.com//title/tt0086637/
The Verdict,Drama,129,7.7,1982,R,https://www.imdb.com//title/tt0084855/
Star Trek II: The Wrath of Khan,"Action, Adventure, Sci-Fi",113,7.7,1982,PG,https://www.imdb.com//title/tt0084726/
First Blood,"Action, Adventure, Thriller",93 ,7.7,1982,R,https://www.imdb.com//title/tt0083944/
Ordinary People,Drama,124,7.7,1980,R,https://www.imdb.com//title/tt0081283/
Airplane!,Comedy,88 ,7.7,1980,PG,https://www.imdb.com//title/tt0080339/
Halloween,"Horror, Thriller",91 ,7.7,1978,R,https://www.imdb.com//title/tt0077651/
Love and Death,"Comedy, War",85 ,7.7,1975,PG,https://www.imdb.com//title/tt0073312/
Blazing Saddles,"Comedy, Western",93 ,7.7,1974,R,https://www.imdb.com//title/tt0071230/
Serpico,"Biography, Crime, Drama",130,7.7,1973,R,https://www.imdb.com//title/tt0070666/
Fantastic Planet,"Animation, Sci-Fi",72 ,7.7,1973,PG,https://www.imdb.com//title/tt0070544/
Badlands,"Action, Crime, Drama",94 ,7.7,1973,PG,https://www.imdb.com//title/tt0069762/
Deliverance,"Adventure, Drama, Thriller",109,7.7,1972,R,https://www.imdb.com//title/tt0068473/
The French Connection,"Action, Crime, Drama",104,7.7,1971,R,https://www.imdb.com//title/tt0067116/
Dirty Harry,"Action, Crime, Thriller",102,7.7,1971,R,https://www.imdb.com//title/tt0066999/
Wait Until Dark,Thriller,108,7.7,1967,Not Rated,https://www.imdb.com//title/tt0062467/
The Dirty Dozen,"Action, Adventure, War",150,7.7,1967,Approved,https://www.imdb.com//title/tt0061578/
Bonnie and Clyde,"Action, Biography, Crime",111,7.7,1967,R,https://www.imdb.com//title/tt0061418/
Belle de Jour,"Drama, Romance",100,7.7,1967,R,https://www.imdb.com//title/tt0061395/
A Man for All Seasons,"Biography, Drama, History",120,7.7,1966,G,https://www.imdb.com//title/tt0060665/
Zulu,"Drama, History, War",138,7.7,1964,Not Rated,https://www.imdb.com//title/tt0058777/
Goldfinger,"Action, Adventure, Thriller",110,7.7,1964,PG,https://www.imdb.com//title/tt0058150/
The Longest Day,"Action, Drama, History",178,7.7,1962,G,https://www.imdb.com//title/tt0056197/
Cape Fear,"Drama, Thriller",106,7.7,1962,Passed,https://www.imdb.com//title/tt0055824/
Jules and Jim,"Drama, Romance",105,7.7,1962,Not Rated,https://www.imdb.com//title/tt0055032/
The Magnificent Seven,"Action, Adventure, Western",128,7.7,1960,Approved,https://www.imdb.com//title/tt0054047/
Breathless,"Crime, Drama",90 ,7.7,1960,Not Rated,https://www.imdb.com//title/tt0053472/
Invasion of the Body Snatchers,"Drama, Horror, Sci-Fi",80 ,7.7,1956,Approved,https://www.imdb.com//title/tt0049366/
The Caine Mutiny,"Drama, War",124,7.7,1954,Not Rated,https://www.imdb.com//title/tt0046816/
The Quiet Man,"Comedy, Drama, Romance",129,7.7,1952,Passed,https://www.imdb.com//title/tt0045061/
The African Queen,"Adventure, Drama, Romance",105,7.7,1951,PG,https://www.imdb.com//title/tt0043265/
Key Largo,"Action, Crime, Drama",100,7.7,1948,Not Rated,https://www.imdb.com//title/tt0040506/
Fantasia,"Animation, Family, Fantasy",125,7.7,1940,G,https://www.imdb.com//title/tt0032455/
Scarface,"Action, Crime, Drama",93 ,7.7,1932,PG,https://www.imdb.com//title/tt0023427/
Dark Waters,"Biography, Drama, History",126,7.6,2019,PG-13,https://www.imdb.com//title/tt9071322/
The Mitchells vs the Machines,"Animation, Adventure, Comedy",114,7.6,2021,PG,https://www.imdb.com//title/tt7979580/
Searching,"Drama, Horror, Mystery",102,7.6,III),PG-13,https://www.imdb.com//title/tt7668870/
Once Upon a Time in Hollywood,"Comedy, Drama",161,7.6,2019,R,https://www.imdb.com//title/tt7131622/
Guardians of the Galaxy Vol. 2,"Action, Adventure, Comedy",136,7.6,2017,PG-13,https://www.imdb.com//title/tt3896198/
Bridge of Spies,"Drama, History, Thriller",142,7.6,2015,PG-13,https://www.imdb.com//title/tt3682448/
Moana,"Animation, Adventure, Comedy",107,7.6,I) (,PG,https://www.imdb.com//title/tt3521164/
What We Do in the Shadows,"Comedy, Horror",86 ,7.6,2014,R,https://www.imdb.com//title/tt3416742/
Sicario,"Action, Crime, Drama",121,7.6,2015,R,https://www.imdb.com//title/tt3397884/
Leviathan,"Crime, Drama",140,7.6,2014,R,https://www.imdb.com//title/tt2802154/
Hell or High Water,"Crime, Drama, Thriller",102,7.6,II) ,R,https://www.imdb.com//title/tt2582782/
Philomena,"Biography, Comedy, Drama",98 ,7.6,2013,PG-13,https://www.imdb.com//title/tt2431286/
Dawn of the Planet of the Apes,"Action, Adventure, Drama",130,7.6,2014,PG-13,https://www.imdb.com//title/tt2103281/
The Raid: Redemption,"Action, Crime, Thriller",101,7.6,2011,R,https://www.imdb.com//title/tt1899353/
End of Watch,"Action, Adventure, Crime",109,7.6,2012,R,https://www.imdb.com//title/tt1855199/
A Star Is Born,"Drama, Music, Romance",136,7.6,2018,R,https://www.imdb.com//title/tt1517451/
True Grit,"Drama, Western",110,7.6,2010,PG-13,https://www.imdb.com//title/tt1403865/
Despicable Me,"Animation, Adventure, Comedy",95 ,7.6,2010,PG,https://www.imdb.com//title/tt1323594/
50/50,"Comedy, Drama, Romance",100,7.6,2011,R,https://www.imdb.com//title/tt1306980/
Kick-Ass,"Action, Comedy, Crime",117,7.6,2010,R,https://www.imdb.com//title/tt1250777/
Celda 211,"Action, Crime, Drama",113,7.6,2009,NA,https://www.imdb.com//title/tt1242422/
Moneyball,"Biography, Drama, Sport",133,7.6,2011,PG-13,https://www.imdb.com//title/tt1210166/
The Skin I Live In,"Drama, Horror, Mystery",120,7.6,2011,R,https://www.imdb.com//title/tt1189073/
The Blind Side,"Biography, Drama, Sport",129,7.6,2009,PG-13,https://www.imdb.com//title/tt0878804/
Ponyo,"Animation, Adventure, Comedy",101,7.6,2008,G,https://www.imdb.com//title/tt0876563/
Superbad,Comedy,113,7.6,2007,R,https://www.imdb.com//title/tt0829482/
Seven Pounds,Drama,123,7.6,2008,PG-13,https://www.imdb.com//title/tt0814314/
Eastern Promises,"Crime, Drama, Thriller",100,7.6,2007,R,https://www.imdb.com//title/tt0765443/
Stardust,"Adventure, Family, Fantasy",127,7.6,2007,PG-13,https://www.imdb.com//title/tt0486655/
United 93,"Action, Drama, History",111,7.6,2006,R,https://www.imdb.com//title/tt0475276/
The Last King of Scotland,"Biography, Drama, History",123,7.6,2006,R,https://www.imdb.com//title/tt0455590/
Inside Man,"Crime, Drama, Mystery",129,7.6,2006,R,https://www.imdb.com//title/tt0454848/
Gone Baby Gone,"Crime, Drama, Mystery",114,7.6,2007,R,https://www.imdb.com//title/tt0452623/
Kung Fu Panda,"Animation, Action, Adventure",92 ,7.6,2008,PG,https://www.imdb.com//title/tt0441773/
Control,"Biography, Drama, Music",122,7.6,2007,R,https://www.imdb.com//title/tt0421082/
300,"Action, Drama",117,7.6,2006,R,https://www.imdb.com//title/tt0416449/
Match Point,"Drama, Romance, Thriller",124,7.6,2005,R,https://www.imdb.com//title/tt0416320/
Watchmen,"Action, Drama, Mystery",162,7.6,2009,R,https://www.imdb.com//title/tt0409459/
Lord of War,"Crime, Drama",122,7.6,2005,R,https://www.imdb.com//title/tt0399295/
Saw,"Horror, Mystery, Thriller",103,7.6,2004,R,https://www.imdb.com//title/tt0387564/
A Very Long Engagement,"Drama, Mystery, Romance",133,7.6,2004,R,https://www.imdb.com//title/tt0344510/
The Station Agent,"Comedy, Drama",89 ,7.6,2003,R,https://www.imdb.com//title/tt0340377/
21 Grams,"Crime, Drama, Thriller",124,7.6,2003,R,https://www.imdb.com//title/tt0315733/
25th Hour,Drama,135,7.6,2002,R,https://www.imdb.com//title/tt0307901/
The Butterfly Effect,"Drama, Sci-Fi, Thriller",113,7.6,2004,R,https://www.imdb.com//title/tt0289879/
I Am Sam,Drama,132,7.6,2001,PG-13,https://www.imdb.com//title/tt0277027/
The Royal Tenenbaums,"Comedy, Drama",110,7.6,2001,R,https://www.imdb.com//title/tt0265666/
Harry Potter and the Sorcerer's Stone,"Adventure, Family, Fantasy",152,7.6,2001,PG,https://www.imdb.com//title/tt0241527/
The Others,"Horror, Mystery, Thriller",104,7.6,2001,PG-13,https://www.imdb.com//title/tt0230600/
Traffic,"Crime, Drama, Thriller",147,7.6,2000,R,https://www.imdb.com//title/tt0181865/
Minority Report,"Action, Crime, Mystery",145,7.6,2002,PG-13,https://www.imdb.com//title/tt0181689/
American Psycho,"Crime, Drama, Horror",102,7.6,2000,R,https://www.imdb.com//title/tt0144084/
Rushmore,"Comedy, Drama, Romance",93 ,7.6,1998,R,https://www.imdb.com//title/tt0128445/
Star Wars: Episode III - Revenge of the Sith,"Action, Adventure, Fantasy",140,7.6,2005,PG-13,https://www.imdb.com//title/tt0121766/
The Thin Red Line,"Drama, History, War",170,7.6,1998,R,https://www.imdb.com//title/tt0120863/
Mulan,"Animation, Adventure, Comedy",88 ,7.6,1998,G,https://www.imdb.com//title/tt0120762/
The Fifth Element,"Action, Adventure, Sci-Fi",126,7.6,1997,PG-13,https://www.imdb.com//title/tt0119116/
Dark City,"Fantasy, Mystery, Sci-Fi",100,7.6,1998,R,https://www.imdb.com//title/tt0118929/
Shine,"Biography, Drama, Music",105,7.6,1996,PG-13,https://www.imdb.com//title/tt0117631/
Die Hard with a Vengeance,"Action, Adventure, Thriller",128,7.6,1995,R,https://www.imdb.com//title/tt0112864/
The Bridges of Madison County,"Drama, Romance",135,7.6,1995,PG-13,https://www.imdb.com//title/tt0112579/
My Cousin Vinny,"Comedy, Crime",120,7.6,1992,R,https://www.imdb.com//title/tt0104952/
Barton Fink,"Comedy, Drama, Thriller",116,7.6,1991,R,https://www.imdb.com//title/tt0101410/
The Naked Gun: From the Files of Police Squad!,"Comedy, Crime",85 ,7.6,1988,PG-13,https://www.imdb.com//title/tt0095705/
RoboCop,"Action, Crime, Sci-Fi",102,7.6,1987,R,https://www.imdb.com//title/tt0093870/
Lethal Weapon,"Action, Crime, Thriller",109,7.6,1987,R,https://www.imdb.com//title/tt0093409/
The Fly,"Drama, Horror, Sci-Fi",96 ,7.6,1986,R,https://www.imdb.com//title/tt0091064/
After Hours,"Comedy, Crime, Drama",97 ,7.6,I) (,R,https://www.imdb.com//title/tt0088680/
The Road Warrior,"Action, Adventure, Sci-Fi",96 ,7.6,1981,R,https://www.imdb.com//title/tt0082694/
Close Encounters of the Third Kind,"Drama, Sci-Fi",138,7.6,1977,PG,https://www.imdb.com//title/tt0075860/
The Taking of Pelham One Two Three,"Action, Crime, Thriller",104,7.6,1974,R,https://www.imdb.com//title/tt0072251/
Enter the Dragon,"Action, Crime, Drama",102,7.6,1973,R,https://www.imdb.com//title/tt0070034/
The Odd Couple,Comedy,105,7.6,1968,Passed,https://www.imdb.com//title/tt0063374/
The Jungle Book,"Animation, Adventure, Comedy",78 ,7.6,1967,G,https://www.imdb.com//title/tt0061852/
Repulsion,"Drama, Horror, Thriller",105,7.6,1965,Not Rated,https://www.imdb.com//title/tt0059646/
The Birds,"Drama, Horror, Mystery",119,7.6,1963,PG-13,https://www.imdb.com//title/tt0056869/
Eyes Without a Face,"Drama, Horror",90 ,7.6,1960,Not Rated,https://www.imdb.com//title/tt0053459/
Rebel Without a Cause,Drama,111,7.6,1955,PG-13,https://www.imdb.com//title/tt0048545/
Sabrina,"Comedy, Drama, Romance",113,7.6,1954,Passed,https://www.imdb.com//title/tt0047437/
From Here to Eternity,"Drama, Romance, War",118,7.6,1953,Passed,https://www.imdb.com//title/tt0045793/
Snow White and the Seven Dwarfs,"Animation, Adventure, Family",83 ,7.6,1937,Approved,https://www.imdb.com//title/tt0029583/
The 39 Steps,"Crime, Mystery, Thriller",86 ,7.6,1935,Approved,https://www.imdb.com//title/tt0026029/
The Invisible Man,"Horror, Sci-Fi",71 ,7.6,1933,TV-PG,https://www.imdb.com//title/tt0024184/
